Zini,Age,Mini,Mass,logL,logTe,logg,label,McoreTP,C_O,period0,period1,pmode,Mloss,tau1m,X,Y,Xc,Xn,Xo,Cexcess,Z,mbolmag,Umag,Bmag,Vmag,Rmag,Imag,Jmag,Hmag,Kmag
0.01520,1.30e+10,0.0900000036,0.090,-3.422,3.3626,5.217,1,0.000,0.545,0.00,0.00,-1,0,0.00,7.076e-01,2.771e-01,2.746e-03,7.408e-04,6.719e-03,-1.000,1.527e-02,13.326,25.061,21.108,18.662,16.373,13.887,11.224,10.621,10.284
0.01520,1.30e+10,0.0986630693,0.099,-3.263,3.3852,5.188,1,0.000,0.545,0.00,0.00,-1,0,0.00,7.072e-01,2.776e-01,2.746e-03,7.408e-04,6.719e-03,-1.000,1.527e-02,12.928,23.324,19.945,17.712,15.622,13.227,10.814,10.255,9.940
0.01520,1.30e+10,0.1000000015,0.100,-3.240,3.3885,5.184,1,0.000,0.545,0.00,0.00,-1,0,0.00,7.071e-01,2.776e-01,2.746e-03,7.408e-04,6.719e-03,-1.000,1.527e-02,12.869,23.075,19.778,17.571,15.511,13.132,10.756,10.202,9.889
0.01520,1.30e+10,0.1001830325,0.100,-3.237,3.3889,5.183,1,0.000,0.545,0.00,0.00,-1,0,0.00,7.071e-01,2.776e-01,2.746e-03,7.408e-04,6.719e-03,-1.000,1.527e-02,12.863,23.049,19.761,17.555,15.499,13.121,10.749,10.196,9.883
0.01520,1.30e+10,0.1200000122,0.120,-2.975,3.4234,5.137,1,0.000,0.545,0.00,0.00,-1,0,0.00,7.060e-01,2.787e-01,2.746e-03,7.408e-04,6.719e-03,-1.000,1.527e-02,12.206,20.499,18.002,16.016,14.278,12.138,10.145,9.619,9.312
0.01520,1.30e+10,0.1400000006,0.140,-2.791,3.4437,5.101,1,0.000,0.545,0.00,0.00,-1,0,0.00,7.050e-01,2.797e-01,2.746e-03,7.408e-04,6.719e-03,-1.000,1.527e-02,11.747,19.207,16.968,15.065,13.482,11.508,9.737,9.207,8.913
0.01520,1.30e+10,0.1453274637,0.145,-2.751,3.4475,5.093,1,0.000,0.545,0.00,0.00,-1,0,0.00,7.047e-01,2.800e-01,2.746e-03,7.408e-04,6.719e-03,-1.000,1.527e-02,11.648,18.950,16.763,14.877,13.324,11.384,9.648,9.118,8.825
0.01520,1.30e+10,0.1599999964,0.160,-2.649,3.4573,5.072,1,0.000,0.545,0.00,0.00,-1,0,0.00,7.041e-01,2.806e-01,2.746e-03,7.408e-04,6.719e-03,-1.000,1.527e-02,11.392,18.290,16.236,14.397,12.920,11.068,9.420,8.887,8.597
0.01520,1.30e+10,0.2000000030,0.200,-2.427,3.4760,5.022,1,0.000,0.545,0.00,0.00,-1,0,0.00,7.027e-01,2.820e-01,2.746e-03,7.408e-04,6.719e-03,-1.000,1.527e-02,10.837,17.001,15.199,13.454,12.112,10.426,8.917,8.383,8.099
0.01520,1.30e+10,0.2500000000,0.250,-2.211,3.4922,4.968,1,0.000,0.545,0.00,0.00,-1,0,0.00,7.018e-01,2.830e-01,2.746e-03,7.408e-04,6.719e-03,-1.000,1.527e-02,10.297,15.940,14.294,12.622,11.375,9.822,8.419,7.881,7.607
0.01520,1.30e+10,0.3000000119,0.300,-2.045,3.5028,4.923,1,0.000,0.545,0.00,0.00,-1,0,0.00,7.016e-01,2.832e-01,2.746e-03,7.408e-04,6.719e-03,-1.000,1.527e-02,9.883,15.235,13.666,12.034,10.840,9.370,8.029,7.489,7.222
0.01520,1.30e+10,0.3500000238,0.350,-1.901,3.5115,4.881,1,0.000,0.545,0.00,0.00,-1,0,0.00,7.088e-01,2.760e-01,2.746e-03,7.408e-04,6.719e-03,-1.000,1.527e-02,9.523,14.654,13.140,11.540,10.387,8.982,7.689,7.145,6.885
0.01520,1.30e+10,0.4000000358,0.400,-1.756,3.5227,4.839,1,0.000,0.545,0.00,0.00,-1,0,0.00,7.091e-01,2.756e-01,2.746e-03,7.408e-04,6.719e-03,-1.000,1.527e-02,9.160,14.039,12.581,11.020,9.913,8.587,7.352,6.800,6.549
0.01520,1.30e+10,0.4500000477,0.450,-1.605,3.5353,4.789,1,0.000,0.545,0.00,0.00,-1,1.88e-15,0.00,7.091e-01,2.756e-01,2.746e-03,7.408e-04,6.719e-03,-1.000,1.527e-02,8.782,13.398,11.995,10.473,9.412,8.178,7.004,6.443,6.200
0.01520,1.30e+10,0.5000000000,0.500,-1.444,3.5511,4.737,1,0.000,0.545,0.00,0.00,-1,0,0.00,7.092e-01,2.755e-01,2.746e-03,7.408e-04,6.719e-03,-1.000,1.527e-02,8.379,12.716,11.360,9.880,8.868,7.743,6.641,6.066,5.833
0.01520,1.30e+10,0.5500000119,0.550,-1.258,3.5721,4.677,1,0.000,0.544,0.00,0.00,-1,0,0.00,7.383e-01,2.479e-01,2.489e-03,6.718e-04,6.095e-03,-1.000,1.387e-02,7.916,11.972,10.650,9.222,8.260,7.251,6.224,5.630,5.418
0.01520,1.30e+10,0.6000000238,0.600,-1.078,3.5982,4.639,1,0.000,0.544,0.00,0.00,-1,0,0.00,7.425e-01,2.438e-01,2.454e-03,6.627e-04,6.013e-03,-1.000,1.365e-02,7.466,10.803,9.726,8.459,7.592,6.798,5.845,5.162,5.035
0.01520,1.30e+10,0.6499999762,0.650,-0.892,3.6305,4.617,1,0.000,0.544,0.00,0.00,-1,0,0.00,7.463e-01,2.402e-01,2.424e-03,6.545e-04,5.941e-03,-1.000,1.351e-02,6.999,9.923,8.902,7.718,6.954,6.334,5.481,4.783,4.684
0.01520,1.30e+10,0.7000000477,0.700,-0.707,3.6629,4.594,1,0.000,0.544,0.00,0.00,-1,0,0.00,7.500e-01,2.366e-01,2.394e-03,6.466e-04,5.870e-03,-1.000,1.338e-02,6.537,8.908,8.069,7.012,6.362,5.849,5.107,4.488,4.411
0.01520,1.30e+10,0.7119721770,0.712,-0.663,3.6703,4.586,1,0.000,0.542,0.00,0.00,-1,0,0.00,7.510e-01,2.357e-01,2.378e-03,6.442e-04,5.850e-03,-1.000,1.330e-02,6.427,8.666,7.881,6.852,6.228,5.733,5.018,4.423,4.350
0.01520,1.30e+10,0.7299457788,0.730,-0.597,3.6811,4.574,1,0.000,0.539,0.00,0.00,-1,0,0.00,7.525e-01,2.343e-01,2.354e-03,6.405e-04,5.821e-03,-1.000,1.323e-02,6.262,8.311,7.605,6.618,6.031,5.560,4.885,4.325,4.258
0.01520,1.30e+10,0.7469058633,0.747,-0.534,3.6911,4.562,1,0.000,0.537,0.00,0.00,-1,0,0.00,7.539e-01,2.329e-01,2.331e-03,6.371e-04,5.793e-03,-1.000,1.319e-02,6.105,7.983,7.356,6.406,5.852,5.401,4.761,4.232,4.170
0.01520,1.30e+10,0.7500000000,0.750,-0.523,3.6929,4.559,1,0.000,0.536,0.00,0.00,-1,2.28e-14,0.00,7.542e-01,2.327e-01,2.327e-03,6.365e-04,5.788e-03,-1.000,1.314e-02,6.077,7.924,7.310,6.367,5.819,5.372,4.738,4.214,4.154
0.01520,1.30e+10,0.7551397085,0.755,-0.504,3.6954,4.554,1,0.000,0.536,0.00,0.00,-1,2.39e-14,0.00,7.547e-01,2.321e-01,2.322e-03,6.352e-04,5.777e-03,-1.000,1.312e-02,6.031,7.833,7.240,6.307,5.767,5.326,4.700,4.184,4.125
0.01520,1.30e+10,0.7696644068,0.770,-0.451,3.7026,4.538,1,0.000,0.536,0.00,0.00,-1,0,0.00,7.563e-01,2.306e-01,2.310e-03,6.317e-04,5.745e-03,-1.000,1.306e-02,5.899,7.585,7.048,6.143,5.623,5.195,4.594,4.099,4.043
0.01520,1.30e+10,0.7827528119,0.783,-0.404,3.7089,4.523,1,0.000,0.536,0.00,0.00,-1,0,0.00,7.578e-01,2.292e-01,2.298e-03,6.286e-04,5.717e-03,-1.000,1.301e-02,5.779,7.363,6.876,5.995,5.492,5.076,4.496,4.020,3.967
0.01520,1.30e+10,0.7955061197,0.795,-0.356,3.7149,4.507,1,0.000,0.536,0.00,0.00,-1,0,0.00,7.591e-01,2.279e-01,2.286e-03,6.256e-04,5.690e-03,-1.000,1.295e-02,5.661,7.151,6.712,5.853,5.367,4.961,4.401,3.942,3.891
0.01520,1.30e+10,0.8000000119,0.800,-0.340,3.7170,4.501,1,0.000,0.536,0.00,0.00,-1,3.6e-14,0.00,7.596e-01,2.274e-01,2.282e-03,6.245e-04,5.681e-03,-1.000,1.291e-02,5.620,7.077,6.654,5.804,5.323,4.921,4.367,3.914,3.864
0.01520,1.30e+10,0.8007993698,0.801,-0.337,3.7174,4.500,1,0.000,0.536,0.00,0.00,-1,3.63e-14,0.00,7.597e-01,2.274e-01,2.282e-03,6.242e-04,5.679e-03,-1.000,1.291e-02,5.612,7.064,6.644,5.795,5.315,4.914,4.361,3.909,3.859
0.01520,1.30e+10,0.8139697313,0.814,-0.287,3.7231,4.480,1,0.000,0.536,0.00,0.00,-1,0,0.00,7.614e-01,2.258e-01,2.268e-03,6.206e-04,5.646e-03,-1.000,1.287e-02,5.487,6.850,6.475,5.648,5.183,4.792,4.257,3.821,3.774
0.01520,1.30e+10,0.8263319135,0.826,-0.239,3.7283,4.459,1,0.000,0.536,0.00,0.00,-1,0,0.00,7.629e-01,2.243e-01,2.256e-03,6.173e-04,5.616e-03,-1.000,1.278e-02,5.368,6.654,6.318,5.513,5.060,4.677,4.158,3.736,3.691
0.01520,1.30e+10,0.8377575278,0.837,-0.194,3.7329,4.439,1,0.000,0.535,0.00,0.00,-1,0,0.00,7.643e-01,2.230e-01,2.245e-03,6.143e-04,5.589e-03,-1.000,1.269e-02,5.256,6.474,6.172,5.387,4.944,4.569,4.064,3.655,3.610
0.01520,1.30e+10,0.8487876058,0.848,-0.150,3.7371,4.417,1,0.000,0.535,0.00,0.00,-1,0,0.00,7.656e-01,2.217e-01,2.234e-03,6.115e-04,5.565e-03,-1.000,1.266e-02,5.144,6.301,6.030,5.262,4.830,4.462,3.970,3.571,3.528
0.01520,1.30e+10,0.8500000238,0.849,-0.145,3.7375,4.414,1,0.000,0.535,0.00,0.00,-1,6.04e-14,0.00,7.658e-01,2.216e-01,2.233e-03,6.112e-04,5.562e-03,-1.000,1.266e-02,5.132,6.282,6.014,5.249,4.817,4.450,3.960,3.562,3.519
0.01520,1.30e+10,0.8507121205,0.850,-0.142,3.7378,4.413,1,0.000,0.535,0.00,0.00,-1,6.09e-14,0.00,7.659e-01,2.215e-01,2.232e-03,6.110e-04,5.560e-03,-1.000,1.265e-02,5.125,6.271,6.005,5.241,4.810,4.443,3.953,3.556,3.514
0.01520,1.30e+10,0.8623635769,0.862,-0.093,3.7417,4.385,1,0.000,0.535,0.00,0.00,-1,0,0.00,7.675e-01,2.199e-01,2.219e-03,6.074e-04,5.528e-03,-1.000,1.260e-02,5.002,6.096,5.856,5.109,4.686,4.326,3.848,3.460,3.419
0.01520,1.30e+10,0.8739449382,0.873,-0.043,3.7452,4.355,1,0.000,0.535,0.00,0.00,-1,0,0.00,7.690e-01,2.185e-01,2.207e-03,6.042e-04,5.500e-03,-1.000,1.251e-02,4.878,5.926,5.708,4.977,4.562,4.207,3.739,3.359,3.319
0.01520,1.30e+10,0.8852814436,0.884,0.005,3.7480,4.323,1,0.000,0.535,0.00,0.00,-1,0,0.00,7.702e-01,2.174e-01,2.198e-03,6.018e-04,5.478e-03,-1.000,1.244e-02,4.756,5.768,5.567,4.848,4.440,4.089,3.629,3.256,3.217
0.01520,1.30e+10,0.8949539661,0.894,0.049,3.7500,4.292,1,0.000,0.535,0.00,0.00,-1,0,0.00,7.701e-01,2.174e-01,2.199e-03,6.021e-04,5.481e-03,-1.000,1.244e-02,4.647,5.632,5.444,4.734,4.330,3.982,3.528,3.160,3.122
0.01520,1.30e+10,0.8980416059,0.897,0.063,3.7506,4.282,1,0.000,0.535,0.00,0.00,-1,0,0.00,7.700e-01,2.176e-01,2.201e-03,6.027e-04,5.486e-03,-1.000,1.245e-02,4.612,5.589,5.405,4.698,4.295,3.948,3.495,3.129,3.091
0.01520,1.30e+10,0.9000000358,0.899,0.073,3.7508,4.274,1,0.000,0.535,0.00,0.00,-1,1.14e-13,0.00,7.697e-01,2.179e-01,2.204e-03,6.035e-04,5.493e-03,-1.000,1.247e-02,4.588,5.562,5.379,4.673,4.271,3.924,3.472,3.107,3.069
0.01520,1.30e+10,0.9053121209,0.904,0.099,3.7514,4.253,1,0.000,0.535,0.00,0.00,-1,1.24e-13,0.00,7.689e-01,2.186e-01,2.211e-03,6.055e-04,5.511e-03,-1.000,1.254e-02,4.522,5.488,5.309,4.606,4.205,3.859,3.409,3.045,3.007
0.01520,1.30e+10,0.9121757150,0.911,0.134,3.7516,4.222,1,0.000,0.535,0.00,0.00,-1,1.38e-13,0.00,7.677e-01,2.197e-01,2.223e-03,6.087e-04,5.541e-03,-1.000,1.262e-02,4.435,5.398,5.219,4.518,4.117,3.772,3.322,2.959,2.921
0.01520,1.30e+10,0.9200869203,0.919,0.176,3.7509,4.181,1,0.000,0.535,0.00,0.00,-1,1.59e-13,0.00,7.653e-01,2.220e-01,2.248e-03,6.156e-04,5.604e-03,-1.000,1.276e-02,4.330,5.302,5.119,4.414,4.013,3.666,3.214,2.850,2.811
0.01520,1.30e+10,0.9243957400,0.923,0.200,3.7500,4.156,1,0.000,0.535,0.00,0.00,-1,0,0.00,7.635e-01,2.236e-01,2.265e-03,6.204e-04,5.649e-03,-1.000,1.285e-02,4.271,5.255,5.066,4.358,3.954,3.607,3.152,2.785,2.746
0.01520,1.30e+10,0.9273402691,0.926,0.216,3.7485,4.134,1,0.000,0.535,0.00,0.00,-1,0,0.00,7.610e-01,2.261e-01,2.289e-03,6.270e-04,5.708e-03,-1.000,1.298e-02,4.230,5.233,5.035,4.320,3.913,3.563,3.104,2.734,2.695
0.01520,1.30e+10,0.9341227412,0.933,0.253,3.7433,4.079,2,0.000,0.535,0.00,0.00,-1,0,0.00,7.533e-01,2.334e-01,2.359e-03,6.460e-04,5.881e-03,-1.000,1.337e-02,4.137,5.207,4.976,4.238,3.821,3.463,2.989,2.606,2.565
0.01520,1.30e+10,0.9397503138,0.938,0.280,3.7338,4.017,2,0.000,0.535,0.00,0.00,-1,0,0.00,7.441e-01,2.421e-01,2.436e-03,6.667e-04,6.067e-03,-1.000,1.382e-02,4.069,5.267,4.975,4.195,3.758,3.384,2.882,2.476,2.432
0.01520,1.30e+10,0.9429024458,0.941,0.291,3.7235,3.967,2,0.000,0.536,0.00,0.00,-1,0,0.00,7.375e-01,2.485e-01,2.489e-03,6.808e-04,6.192e-03,-1.000,1.409e-02,4.042,5.388,5.024,4.198,3.739,3.348,2.814,2.381,2.334
0.01520,1.30e+10,0.9449796677,0.944,0.301,3.7139,3.920,2,0.000,0.536,0.00,0.00,-1,0,0.00,7.325e-01,2.532e-01,2.526e-03,6.907e-04,6.281e-03,-1.000,1.430e-02,4.019,5.513,5.076,4.208,3.727,3.320,2.754,2.295,2.244
0.01520,1.30e+10,0.9468472004,0.945,0.322,3.7046,3.862,2,0.000,0.536,0.00,0.00,-1,0,0.00,7.279e-01,2.576e-01,2.559e-03,6.995e-04,6.359e-03,-1.000,1.449e-02,3.966,5.606,5.099,4.192,3.688,3.264,2.668,2.182,2.127
0.01520,1.30e+10,0.9485207200,0.947,0.358,3.6973,3.797,2,0.000,0.537,0.00,0.00,-1,0,0.00,7.236e-01,2.618e-01,2.587e-03,7.069e-04,6.425e-03,-1.000,1.463e-02,3.875,5.634,5.069,4.130,3.609,3.172,2.551,2.044,1.986
0.01520,1.30e+10,0.9491836429,0.948,0.377,3.6947,3.769,2,0.000,0.537,0.00,0.00,-1,0,0.00,7.218e-01,2.635e-01,2.597e-03,7.097e-04,6.449e-03,-1.000,1.468e-02,3.828,5.629,5.045,4.095,3.567,3.126,2.496,1.981,1.922
0.01520,1.30e+10,0.9497835040,0.948,0.401,3.6931,3.739,2,0.000,0.537,0.00,0.00,-1,0,0.00,7.202e-01,2.651e-01,2.604e-03,7.117e-04,6.467e-03,-1.000,1.469e-02,3.769,5.596,5.000,4.043,3.511,3.067,2.431,1.912,1.852
0.01520,1.30e+10,0.9500000477,0.949,0.410,3.6926,3.728,2,0.000,0.537,0.00,0.00,-1,4.5e-13,0.00,7.196e-01,2.657e-01,2.607e-03,7.125e-04,6.474e-03,-1.000,1.470e-02,3.745,5.581,4.981,4.022,3.489,3.043,2.406,1.885,1.825
0.01520,1.30e+10,0.9507716298,0.949,0.444,3.6908,3.687,3,0.000,0.537,0.00,0.00,-1,5.09e-13,0.00,7.173e-01,2.679e-01,2.616e-03,7.151e-04,6.497e-03,-1.000,1.475e-02,3.660,5.526,4.913,3.946,3.408,2.959,2.315,1.789,1.728
0.01520,1.30e+10,0.9517996311,0.950,0.496,3.6890,3.627,3,0.000,0.536,0.00,0.00,-1,6.14e-13,0.00,7.139e-01,2.712e-01,2.621e-03,7.191e-04,6.523e-03,-1.000,1.483e-02,3.529,5.425,4.799,3.823,3.281,2.829,2.178,1.647,1.585
0.01520,1.30e+10,0.9526315331,0.951,0.544,3.6877,3.575,3,0.000,0.533,0.00,0.00,-1,7.28e-13,0.00,7.110e-01,2.742e-01,2.614e-03,7.269e-04,6.541e-03,-1.000,1.484e-02,3.411,5.327,4.693,3.711,3.166,2.711,2.056,1.521,1.459
0.01520,1.30e+10,0.9533289075,0.952,0.586,3.6867,3.529,3,0.000,0.528,0.00,0.00,-1,8.47e-13,0.00,7.082e-01,2.769e-01,2.593e-03,7.443e-04,6.554e-03,-1.000,1.490e-02,3.304,5.237,4.595,3.608,3.062,2.605,1.946,1.409,1.346
0.01520,1.30e+10,0.9539949298,0.952,0.630,3.6858,3.482,3,0.000,0.519,0.00,0.00,-1,9.9e-13,0.00,7.056e-01,2.794e-01,2.555e-03,7.834e-04,6.565e-03,-1.000,1.493e-02,3.194,5.142,4.494,3.502,2.954,2.495,1.833,1.293,1.230
0.01520,1.30e+10,0.9546197653,0.953,0.675,3.6849,3.433,3,0.000,0.509,0.00,0.00,-1,1.16e-12,0.00,7.033e-01,2.817e-01,2.508e-03,8.388e-04,6.574e-03,-1.000,1.500e-02,3.082,5.049,4.391,3.394,2.844,2.383,1.718,1.176,1.111
0.01520,1.30e+10,0.9552037716,0.954,0.721,3.6838,3.384,3,0.000,0.500,0.00,0.00,-1,1.36e-12,0.00,7.014e-01,2.836e-01,2.466e-03,8.921e-04,6.580e-03,-1.000,1.499e-02,2.968,4.955,4.288,3.285,2.732,2.270,1.601,1.056,0.991
0.01520,1.30e+10,0.9557043314,0.954,0.762,3.6829,3.339,3,0.000,0.492,0.00,0.00,-1,1.58e-12,0.00,6.998e-01,2.852e-01,2.430e-03,9.387e-04,6.586e-03,-1.000,1.501e-02,2.864,4.870,4.193,3.185,2.630,2.166,1.493,0.946,0.880
0.01520,1.30e+10,0.9562179446,0.955,0.809,3.6817,3.288,3,0.000,0.485,0.00,0.00,-1,1.86e-12,0.00,6.983e-01,2.867e-01,2.398e-03,9.796e-04,6.590e-03,-1.000,1.499e-02,2.748,4.776,4.088,3.074,2.516,2.050,1.373,0.823,0.757
0.01520,1.30e+10,0.9566571116,0.955,0.852,3.6805,3.240,3,0.000,0.481,0.00,0.00,-1,2.18e-12,0.00,6.974e-01,2.876e-01,2.380e-03,1.003e-03,6.593e-03,-1.000,1.501e-02,2.639,4.690,3.992,2.972,2.412,1.943,1.261,0.708,0.641
0.01520,1.30e+10,0.9570637345,0.955,0.895,3.6793,3.192,3,0.000,0.478,0.00,0.00,-1,2.54e-12,0.00,6.965e-01,2.885e-01,2.363e-03,1.025e-03,6.596e-03,-1.000,1.503e-02,2.532,4.605,3.898,2.871,2.308,1.836,1.150,0.594,0.526
0.01520,1.30e+10,0.9574216604,0.956,0.936,3.6780,3.146,3,0.000,0.476,0.00,0.00,-1,2.94e-12,0.00,6.959e-01,2.891e-01,2.353e-03,1.038e-03,6.597e-03,-1.000,1.503e-02,2.429,4.526,3.808,2.775,2.208,1.734,1.043,0.483,0.414
0.01520,1.30e+10,0.9577561617,0.956,0.978,3.6766,3.099,3,0.000,0.474,0.00,0.00,-1,3.42e-12,0.00,6.954e-01,2.895e-01,2.346e-03,1.049e-03,6.598e-03,-1.000,1.501e-02,2.325,4.448,3.719,2.679,2.109,1.632,0.935,0.372,0.302
0.01520,1.30e+10,0.9580696821,0.956,1.020,3.6751,3.051,3,0.000,0.473,0.00,0.00,-1,3.98e-12,0.00,6.951e-01,2.898e-01,2.341e-03,1.055e-03,6.599e-03,-1.000,1.502e-02,2.220,4.369,3.629,2.581,2.008,1.528,0.826,0.258,0.187
0.01520,1.30e+10,0.9583611488,0.956,1.063,3.6736,3.002,3,0.000,0.472,0.00,0.00,-1,4.64e-12,0.00,6.950e-01,2.900e-01,2.338e-03,1.059e-03,6.600e-03,-1.000,1.501e-02,2.113,4.292,3.538,2.483,1.905,1.422,0.715,0.142,0.070
0.01520,1.30e+10,0.9586160779,0.957,1.103,3.6720,2.956,3,0.000,0.472,0.00,0.00,-1,5.37e-12,0.00,6.949e-01,2.900e-01,2.337e-03,1.060e-03,6.600e-03,-1.000,1.503e-02,2.013,4.222,3.455,2.391,1.809,1.323,0.610,0.033,-0.040
0.01520,1.30e+10,0.9588528275,0.957,1.143,3.6704,2.909,3,0.000,0.472,0.00,0.00,-1,6.21e-12,0.00,6.949e-01,2.901e-01,2.337e-03,1.061e-03,6.600e-03,-1.000,1.504e-02,1.912,4.154,3.372,2.300,1.714,1.224,0.504,-0.076,-0.151
0.01520,1.30e+10,0.9591357708,0.957,1.196,3.6681,2.848,3,0.000,0.472,0.00,0.00,-1,7.52e-12,0.00,6.949e-01,2.901e-01,2.336e-03,1.061e-03,6.601e-03,-1.000,1.504e-02,1.781,4.067,3.265,2.180,1.588,1.094,0.366,-0.221,-0.297
0.01520,1.30e+10,0.9593334198,0.957,1.235,3.6664,2.801,3,0.000,0.472,0.00,0.00,-1,8.7e-12,0.00,6.949e-01,2.901e-01,2.336e-03,1.062e-03,6.601e-03,-1.000,1.504e-02,1.682,4.003,3.185,2.092,1.495,0.997,0.262,-0.329,-0.408
0.01520,1.30e+10,0.9595701098,0.957,1.287,3.6640,2.740,3,0.000,0.472,0.00,0.00,-1,1.05e-11,0.00,6.949e-01,2.901e-01,2.336e-03,1.062e-03,6.601e-03,-1.000,1.504e-02,1.553,3.922,3.082,1.977,1.373,0.871,0.127,-0.471,-0.551
0.01520,1.30e+10,0.9597857594,0.957,1.338,3.6616,2.680,3,0.000,0.472,0.00,0.00,-1,1.26e-11,0.00,6.949e-01,2.901e-01,2.335e-03,1.062e-03,6.601e-03,-1.000,1.504e-02,1.426,3.844,2.982,1.865,1.254,0.747,-0.007,-0.611,-0.694
0.01520,1.30e+10,0.9599863887,0.957,1.387,3.6592,2.620,3,0.000,0.472,0.00,0.00,-1,1.52e-11,0.00,6.949e-01,2.901e-01,2.335e-03,1.063e-03,6.601e-03,-1.000,1.504e-02,1.301,3.770,2.886,1.756,1.138,0.626,-0.138,-0.748,-0.833
0.01520,1.30e+10,0.9601920247,0.957,1.435,3.6568,2.564,3,0.000,0.472,0.00,0.00,-1,1.81e-11,0.00,6.948e-01,2.901e-01,2.335e-03,1.063e-03,6.601e-03,-1.000,1.504e-02,1.183,3.700,2.794,1.652,1.028,0.511,-0.262,-0.879,-0.966
0.01520,1.30e+10,0.9603931904,0.957,1.466,3.6554,2.527,3,0.000,0.472,0.00,0.00,-1,2.03e-11,0.00,6.948e-01,2.901e-01,2.335e-03,1.063e-03,6.601e-03,-1.000,1.504e-02,1.106,3.653,2.733,1.583,0.955,0.435,-0.344,-0.965,-1.053
0.01520,1.30e+10,0.9605178833,0.957,1.446,3.6567,2.552,3,0.000,0.472,0.00,0.00,-1,1.91e-11,0.00,6.948e-01,2.901e-01,2.335e-03,1.064e-03,6.601e-03,-1.000,1.504e-02,1.154,3.674,2.766,1.623,0.999,0.481,-0.292,-0.909,-0.996
0.01520,1.30e+10,0.9606335163,0.957,1.407,3.6592,2.601,3,0.000,0.471,0.00,0.00,-1,1.66e-11,0.00,6.948e-01,2.901e-01,2.334e-03,1.064e-03,6.601e-03,-1.000,1.504e-02,1.252,3.723,2.836,1.705,1.088,0.576,-0.188,-0.798,-0.883
0.01520,1.30e+10,0.9606598020,0.957,1.399,3.6598,2.611,3,0.000,0.471,0.00,0.00,-1,1.6e-11,0.00,6.948e-01,2.901e-01,2.334e-03,1.064e-03,6.601e-03,-1.000,1.504e-02,1.273,3.733,2.851,1.723,1.108,0.596,-0.165,-0.774,-0.858
0.01520,1.30e+10,0.9608078599,0.957,1.447,3.6572,2.552,3,0.000,0.471,0.00,0.00,-1,1.89e-11,0.00,6.948e-01,2.901e-01,2.334e-03,1.064e-03,6.601e-03,-1.000,1.504e-02,1.151,3.664,2.759,1.618,0.995,0.478,-0.293,-0.909,-0.996
0.01520,1.30e+10,0.9609557390,0.957,1.496,3.6546,2.493,3,0.000,0.471,0.00,0.00,-1,2.26e-11,0.00,6.948e-01,2.902e-01,2.334e-03,1.064e-03,6.602e-03,-1.000,1.504e-02,1.030,3.597,2.667,1.512,0.882,0.360,-0.422,-1.044,-1.134
0.01520,1.30e+10,0.9610968232,0.957,1.545,3.6518,2.433,3,0.000,0.471,0.00,0.00,-1,2.71e-11,0.00,6.948e-01,2.902e-01,2.334e-03,1.065e-03,6.602e-03,-1.000,1.504e-02,0.907,3.539,2.580,1.410,0.771,0.242,-0.552,-1.181,-1.274
0.01520,1.30e+10,0.9612268209,0.957,1.594,3.6491,2.373,3,0.000,0.471,0.00,0.00,-1,3.25e-11,0.00,6.948e-01,2.902e-01,2.334e-03,1.065e-03,6.602e-03,-1.000,1.504e-02,0.785,3.484,2.493,1.308,0.661,0.124,-0.681,-1.317,-1.413
0.01520,1.30e+10,0.9613437653,0.957,1.642,3.6463,2.315,3,0.000,0.471,0.00,0.00,-1,3.88e-11,0.00,6.948e-01,2.902e-01,2.334e-03,1.065e-03,6.602e-03,-1.000,1.504e-02,0.666,3.432,2.411,1.210,0.553,0.010,-0.807,-1.450,-1.550
0.01520,1.30e+10,0.9614513516,0.957,1.689,3.6435,2.256,3,0.000,0.471,0.00,0.00,-1,4.63e-11,0.00,6.948e-01,2.902e-01,2.334e-03,1.065e-03,6.602e-03,-1.000,1.504e-02,0.546,3.382,2.328,1.112,0.446,-0.105,-0.933,-1.584,-1.686
0.01520,1.30e+10,0.9615496993,0.957,1.737,3.6406,2.196,3,0.000,0.471,0.00,0.00,-1,5.53e-11,0.00,6.948e-01,2.902e-01,2.333e-03,1.065e-03,6.602e-03,-1.000,1.504e-02,0.427,3.336,2.247,1.015,0.340,-0.219,-1.059,-1.717,-1.823
0.01520,1.30e+10,0.9616384506,0.957,1.784,3.6377,2.138,3,0.000,0.471,0.00,0.00,-1,6.6e-11,0.00,6.948e-01,2.902e-01,2.333e-03,1.066e-03,6.602e-03,-1.000,1.504e-02,0.310,3.293,2.170,0.922,0.236,-0.331,-1.183,-1.849,-1.959
0.01520,1.30e+10,0.9617179036,0.957,1.830,3.6348,2.080,3,0.000,0.471,0.00,0.00,-1,7.83e-11,0.00,6.948e-01,2.902e-01,2.333e-03,1.066e-03,6.602e-03,-1.000,1.504e-02,0.196,3.255,2.097,0.833,0.136,-0.439,-1.304,-1.977,-2.091
0.01520,1.30e+10,0.9617919922,0.956,1.876,3.6319,2.022,3,0.000,0.471,0.00,0.00,-1,9.32e-11,0.00,6.948e-01,2.902e-01,2.333e-03,1.066e-03,6.602e-03,-1.000,1.504e-02,0.080,3.218,2.024,0.742,0.035,-0.549,-1.427,-2.107,-2.225
0.01520,1.30e+10,0.9618594050,0.956,1.922,3.6289,1.965,3,0.000,0.471,0.00,0.00,-1,1.11e-10,0.00,6.948e-01,2.902e-01,2.333e-03,1.066e-03,6.602e-03,-1.000,1.504e-02,-0.034,3.187,1.953,0.654,-0.065,-0.658,-1.548,-2.236,-2.357
0.01520,1.30e+10,0.9619196653,0.956,1.966,3.6260,1.908,3,0.000,0.471,0.00,0.00,-1,1.31e-10,0.00,6.948e-01,2.902e-01,2.333e-03,1.066e-03,6.602e-03,-1.000,1.504e-02,-0.145,3.162,1.886,0.569,-0.161,-0.763,-1.666,-2.361,-2.487
0.01520,1.30e+10,0.9619757533,0.956,2.011,3.6230,1.851,3,0.000,0.471,0.00,0.00,-1,1.55e-10,0.00,6.948e-01,2.902e-01,2.333e-03,1.066e-03,6.602e-03,-1.000,1.504e-02,-0.258,3.138,1.821,0.486,-0.256,-0.869,-1.786,-2.488,-2.619
0.01520,1.30e+10,0.9620258808,0.955,2.055,3.6199,1.795,3,0.000,0.471,0.00,0.00,-1,1.83e-10,0.00,6.948e-01,2.902e-01,2.333e-03,1.066e-03,6.602e-03,-1.000,1.504e-02,-0.368,3.119,1.760,0.407,-0.347,-0.972,-1.902,-2.613,-2.748
0.01520,1.30e+10,0.9620723128,0.955,2.099,3.6168,1.738,3,0.000,0.471,0.00,0.00,-1,2.16e-10,0.00,6.948e-01,2.902e-01,2.333e-03,1.066e-03,6.602e-03,-1.000,1.504e-02,-0.478,3.101,1.699,0.328,-0.438,-1.075,-2.020,-2.738,-2.877
0.01520,1.30e+10,0.9621149898,0.954,2.143,3.6137,1.681,3,0.000,0.471,0.00,0.00,-1,2.56e-10,0.00,6.948e-01,2.902e-01,2.333e-03,1.066e-03,6.602e-03,-1.000,1.504e-02,-0.589,3.086,1.639,0.249,-0.530,-1.178,-2.137,-2.862,-3.007
0.01520,1.30e+10,0.9621528387,0.954,2.186,3.6107,1.627,3,0.000,0.471,0.00,0.00,-1,3e-10,0.00,6.948e-01,2.902e-01,2.333e-03,1.066e-03,6.602e-03,-1.000,1.504e-02,-0.694,3.073,1.584,0.177,-0.614,-1.276,-2.249,-2.983,-3.132
0.01520,1.30e+10,0.9621889591,0.953,2.229,3.6075,1.570,3,0.000,0.471,0.00,0.00,-1,3.54e-10,0.00,6.948e-01,2.902e-01,2.333e-03,1.066e-03,6.602e-03,-1.000,1.504e-02,-0.803,3.056,1.530,0.106,-0.698,-1.376,-2.365,-3.107,-3.261
0.01520,1.30e+10,0.9622212648,0.953,2.271,3.6044,1.515,3,0.000,0.471,0.00,0.00,-1,4.16e-10,0.00,6.948e-01,2.902e-01,2.333e-03,1.066e-03,6.602e-03,-1.000,1.504e-02,-0.908,3.044,1.478,0.038,-0.779,-1.473,-2.476,-3.228,-3.387
0.01520,1.30e+10,0.9622510076,0.952,2.313,3.6012,1.461,3,0.000,0.471,0.00,0.00,-1,4.88e-10,0.00,6.948e-01,2.902e-01,2.333e-03,1.067e-03,6.602e-03,-1.000,1.504e-02,-1.012,3.039,1.431,-0.028,-0.858,-1.569,-2.588,-3.348,-3.512
0.01520,1.30e+10,0.9622786045,0.951,2.355,3.5981,1.406,3,0.000,0.471,0.00,0.00,-1,5.72e-10,0.00,6.948e-01,2.902e-01,2.333e-03,1.067e-03,6.602e-03,-1.000,1.504e-02,-1.117,3.037,1.383,-0.094,-0.938,-1.665,-2.699,-3.468,-3.637
0.01520,1.30e+10,0.9623035192,0.951,2.395,3.5949,1.352,3,0.000,0.471,0.00,0.00,-1,6.69e-10,0.00,6.948e-01,2.902e-01,2.333e-03,1.067e-03,6.602e-03,-1.000,1.504e-02,-1.218,3.031,1.344,-0.147,-1.005,-1.757,-2.809,-3.586,-3.759
0.01520,1.30e+10,0.9623266459,0.950,2.436,3.5916,1.298,3,0.000,0.471,0.00,0.00,-1,7.82e-10,0.00,6.948e-01,2.902e-01,2.333e-03,1.067e-03,6.602e-03,-1.000,1.504e-02,-1.319,3.028,1.307,-0.199,-1.072,-1.848,-2.918,-3.703,-3.881
0.01520,1.30e+10,0.9623483419,0.949,2.476,3.5883,1.244,3,0.000,0.471,0.00,0.00,-1,9.14e-10,0.00,6.947e-01,2.902e-01,2.333e-03,1.067e-03,6.602e-03,-1.000,1.504e-02,-1.421,3.026,1.269,-0.252,-1.140,-1.940,-3.027,-3.821,-4.005
0.01520,1.30e+10,0.9623672962,0.948,2.515,3.5850,1.192,3,0.000,0.471,0.00,0.00,-1,1.06e-09,0.00,6.947e-01,2.902e-01,2.333e-03,1.067e-03,6.602e-03,-1.000,1.504e-02,-1.517,3.028,1.237,-0.299,-1.202,-2.025,-3.130,-3.933,-4.121
0.01520,1.30e+10,0.9623851776,0.947,2.553,3.5817,1.140,3,0.000,0.471,0.00,0.00,-1,1.23e-09,0.00,6.947e-01,2.902e-01,2.332e-03,1.067e-03,6.602e-03,-1.000,1.504e-02,-1.614,3.025,1.210,-0.336,-1.256,-2.110,-3.235,-4.047,-4.240
0.01520,1.30e+10,0.9624020457,0.946,2.593,3.5784,1.087,3,0.000,0.471,0.00,0.00,-1,1.43e-09,0.00,6.947e-01,2.902e-01,2.332e-03,1.067e-03,6.602e-03,-1.000,1.504e-02,-1.711,3.020,1.185,-0.369,-1.307,-2.196,-3.342,-4.161,-4.359
0.01520,1.30e+10,0.9624207616,0.945,2.639,3.5742,1.023,3,0.000,0.471,0.00,0.00,-1,1.72e-09,0.00,6.947e-01,2.902e-01,2.332e-03,1.067e-03,6.602e-03,-1.000,1.504e-02,-1.828,3.018,1.160,-0.405,-1.365,-2.298,-3.469,-4.299,-4.504
0.01520,1.30e+10,0.9624378085,0.943,2.685,3.5699,0.959,3,0.000,0.471,0.00,0.00,-1,2.06e-09,0.00,6.947e-01,2.902e-01,2.332e-03,1.067e-03,6.602e-03,-1.000,1.504e-02,-1.943,3.025,1.141,-0.436,-1.420,-2.397,-3.595,-4.436,-4.647
0.01520,1.30e+10,0.9624531865,0.941,2.730,3.5656,0.897,3,0.000,0.471,0.00,0.00,-1,2.45e-09,0.00,6.947e-01,2.902e-01,2.332e-03,1.067e-03,6.602e-03,-1.000,1.504e-02,-2.055,3.026,1.144,-0.434,-1.448,-2.487,-3.719,-4.568,-4.786
0.01520,1.30e+10,0.9624674916,0.940,2.774,3.5613,0.834,3,0.000,0.471,0.00,0.00,-1,2.92e-09,0.00,6.947e-01,2.902e-01,2.332e-03,1.067e-03,6.602e-03,-1.000,1.504e-02,-2.166,3.028,1.149,-0.430,-1.475,-2.576,-3.843,-4.701,-4.925
0.01520,1.30e+10,0.9624805450,0.938,2.818,3.5570,0.772,3,0.000,0.471,0.00,0.00,-1,3.47e-09,0.00,6.947e-01,2.902e-01,2.332e-03,1.067e-03,6.602e-03,-1.000,1.504e-02,-2.275,3.031,1.155,-0.426,-1.501,-2.664,-3.964,-4.831,-5.062
0.01520,1.30e+10,0.9624923468,0.935,2.860,3.5527,0.712,3,0.000,0.471,0.00,0.00,-1,4.1e-09,0.00,6.947e-01,2.902e-01,2.332e-03,1.067e-03,6.602e-03,-1.000,1.504e-02,-2.380,3.030,1.185,-0.385,-1.502,-2.737,-4.083,-4.957,-5.196
0.01520,1.30e+10,0.9625033736,0.933,2.902,3.5483,0.651,3,0.000,0.471,0.00,0.00,-1,4.85e-09,0.00,6.947e-01,2.902e-01,2.332e-03,1.067e-03,6.602e-03,-1.000,1.504e-02,-2.485,3.030,1.227,-0.330,-1.493,-2.806,-4.202,-5.083,-5.329
0.01520,1.30e+10,0.9625136256,0.931,2.944,3.5439,0.591,3,0.000,0.471,0.00,0.00,-1,5.74e-09,0.00,6.947e-01,2.902e-01,2.332e-03,1.067e-03,6.602e-03,-1.000,1.504e-02,-2.589,3.032,1.272,-0.271,-1.480,-2.873,-4.320,-5.209,-5.462
0.01520,1.30e+10,0.9625229239,0.928,2.984,3.5395,0.532,3,0.000,0.471,0.00,0.00,-1,6.74e-09,0.00,6.947e-01,2.902e-01,2.332e-03,1.067e-03,6.602e-03,-1.000,1.504e-02,-2.689,3.033,1.338,-0.186,-1.452,-2.924,-4.434,-5.330,-5.591
0.01520,1.30e+10,0.9625315666,0.925,3.023,3.5351,0.473,3,0.000,0.471,0.00,0.00,-1,7.92e-09,0.00,6.947e-01,2.902e-01,2.332e-03,1.067e-03,6.602e-03,-1.000,1.504e-02,-2.788,3.035,1.423,-0.075,-1.408,-2.961,-4.548,-5.449,-5.718
0.01520,1.30e+10,0.9625395536,0.921,3.062,3.5306,0.415,3,0.000,0.471,0.00,0.00,-1,9.26e-09,0.00,6.947e-01,2.902e-01,2.332e-03,1.067e-03,6.602e-03,-1.000,1.504e-02,-2.884,3.039,1.515,0.041,-1.361,-2.996,-4.659,-5.566,-5.842
0.01520,1.30e+10,0.9625470638,0.918,3.100,3.5262,0.357,3,0.000,0.471,0.00,0.00,-1,1.08e-08,0.00,6.947e-01,2.902e-01,2.332e-03,1.067e-03,6.602e-03,-1.000,1.504e-02,-2.980,3.043,1.623,0.179,-1.301,-3.016,-4.770,-5.682,-5.966
0.01520,1.30e+10,0.9625538588,0.914,3.136,3.5217,0.302,3,0.000,0.471,0.00,0.00,-1,1.26e-08,0.00,6.947e-01,2.902e-01,2.332e-03,1.067e-03,6.602e-03,-1.000,1.504e-02,-3.071,3.047,1.752,0.346,-1.223,-3.009,-4.877,-5.792,-6.084
0.01520,1.30e+10,0.9625602961,0.910,3.173,3.5172,0.245,3,0.000,0.471,0.00,0.00,-1,1.46e-08,0.00,6.947e-01,2.902e-01,2.332e-03,1.067e-03,6.602e-03,-1.000,1.504e-02,-3.162,3.053,1.890,0.523,-1.139,-3.000,-4.983,-5.902,-6.204
0.01520,1.30e+10,0.9625661373,0.905,3.208,3.5128,0.190,3,0.000,0.471,0.00,0.00,-1,1.69e-08,0.00,6.947e-01,2.902e-01,2.332e-03,1.067e-03,6.602e-03,-1.000,1.504e-02,-3.249,3.061,2.031,0.705,-1.050,-2.980,-5.085,-6.008,-6.318
0.01520,1.30e+10,0.9625717998,0.900,3.242,3.5083,0.135,3,0.000,0.471,0.00,0.00,-1,1.96e-08,0.00,6.947e-01,2.902e-01,2.332e-03,1.067e-03,6.602e-03,-1.000,1.504e-02,-3.336,3.064,2.178,0.898,-0.953,-2.941,-5.187,-6.113,-6.431
0.01520,1.30e+10,0.9625771046,0.895,3.277,3.5038,0.080,3,0.000,0.471,0.00,0.00,-1,2.27e-08,0.00,6.947e-01,2.902e-01,2.332e-03,1.067e-03,6.602e-03,-1.000,1.504e-02,-3.422,3.069,2.333,1.099,-0.851,-2.896,-5.287,-6.218,-6.544
0.01520,1.30e+10,0.9625821710,0.889,3.311,3.4993,0.025,3,0.000,0.471,0.00,0.00,-1,2.62e-08,0.00,6.947e-01,2.902e-01,2.332e-03,1.067e-03,6.602e-03,-1.000,1.504e-02,-3.507,3.076,2.486,1.296,-0.750,-2.849,-5.387,-6.321,-6.656
0.01520,1.30e+10,0.9625869393,0.882,3.344,3.4948,-0.030,3,0.000,0.471,0.00,0.00,-1,3.03e-08,0.00,6.947e-01,2.902e-01,2.332e-03,1.067e-03,6.602e-03,-1.000,1.504e-02,-3.591,3.074,2.596,1.422,-0.688,-2.817,-5.485,-6.421,-6.763
0.01520,1.30e+10,0.9625923038,0.874,3.382,3.4896,-0.093,3,0.000,0.471,0.00,0.00,-1,3.57e-08,0.00,6.947e-01,2.902e-01,2.332e-03,1.067e-03,6.602e-03,-1.000,1.504e-02,-3.686,3.073,2.730,1.575,-0.612,-2.775,-5.597,-6.536,-6.885
0.01520,1.30e+10,0.9625957012,0.868,3.405,3.4864,-0.131,3,0.000,0.471,0.00,0.00,-1,3.95e-08,0.00,6.947e-01,2.902e-01,2.332e-03,1.067e-03,6.602e-03,-1.000,1.504e-02,-3.742,3.075,2.814,1.669,-0.563,-2.746,-5.664,-6.605,-6.959
0.01520,1.30e+10,0.9625957012,0.868,1.660,3.6675,2.338,4,0.000,0.473,0.00,0.00,-1,0,0.00,6.948e-01,2.901e-01,2.343e-03,1.058e-03,6.609e-03,-1.000,1.507e-02,0.619,2.999,2.131,1.014,0.422,-0.071,-0.803,-1.383,-1.462
0.01520,1.30e+10,0.9626674056,0.868,1.668,3.6669,2.328,4,0.000,0.473,0.00,0.00,-1,0,0.00,6.948e-01,2.901e-01,2.343e-03,1.058e-03,6.609e-03,-1.000,1.507e-02,0.599,2.990,2.118,0.997,0.404,-0.091,-0.825,-1.406,-1.485
0.01520,1.30e+10,0.9627333879,0.868,1.671,3.6668,2.324,4,0.000,0.473,0.00,0.00,-1,0,0.00,6.948e-01,2.901e-01,2.343e-03,1.058e-03,6.609e-03,-1.000,1.507e-02,0.592,2.985,2.111,0.990,0.396,-0.098,-0.833,-1.415,-1.494
0.01520,1.30e+10,0.9628005624,0.868,1.671,3.6671,2.326,4,0.000,0.473,0.00,0.00,-1,0,0.00,6.948e-01,2.901e-01,2.343e-03,1.058e-03,6.609e-03,-1.000,1.507e-02,0.593,2.982,2.109,0.989,0.396,-0.098,-0.831,-1.412,-1.491
0.01520,1.30e+10,0.9628681540,0.868,1.669,3.6676,2.330,4,0.000,0.473,0.00,0.00,-1,0,0.00,6.948e-01,2.901e-01,2.343e-03,1.058e-03,6.609e-03,-1.000,1.507e-02,0.598,2.978,2.110,0.992,0.400,-0.092,-0.824,-1.404,-1.482
0.01520,1.30e+10,0.9629341364,0.868,1.666,3.6681,2.335,4,0.000,0.473,0.00,0.00,-1,0,0.00,6.948e-01,2.901e-01,2.343e-03,1.058e-03,6.609e-03,-1.000,1.507e-02,0.606,2.975,2.111,0.996,0.406,-0.086,-0.815,-1.393,-1.471
0.01520,1.30e+10,0.9630033374,0.868,1.662,3.6687,2.341,4,0.000,0.473,0.00,0.00,-1,0,0.00,6.948e-01,2.901e-01,2.343e-03,1.058e-03,6.609e-03,-1.000,1.507e-02,0.614,2.972,2.113,1.001,0.412,-0.078,-0.805,-1.382,-1.459
0.01520,1.30e+10,0.9630706906,0.868,1.659,3.6693,2.347,4,0.000,0.473,0.00,0.00,-1,0,0.00,6.948e-01,2.901e-01,2.343e-03,1.058e-03,6.609e-03,-1.000,1.507e-02,0.622,2.969,2.115,1.005,0.419,-0.071,-0.796,-1.370,-1.448
0.01520,1.30e+10,0.9631391764,0.868,1.656,3.6698,2.352,4,0.000,0.473,0.00,0.00,-1,0,0.00,6.948e-01,2.901e-01,2.343e-03,1.058e-03,6.609e-03,-1.000,1.507e-02,0.630,2.967,2.117,1.010,0.425,-0.063,-0.786,-1.359,-1.436
0.01520,1.30e+10,0.9632071853,0.868,1.653,3.6704,2.357,4,0.000,0.473,0.00,0.00,-1,0,0.00,6.948e-01,2.901e-01,2.343e-03,1.058e-03,6.609e-03,-1.000,1.507e-02,0.637,2.964,2.119,1.014,0.431,-0.057,-0.777,-1.349,-1.426
0.01520,1.30e+10,0.9632772803,0.869,1.651,3.6709,2.362,4,0.000,0.473,0.00,0.00,-1,0,0.00,6.948e-01,2.901e-01,2.343e-03,1.058e-03,6.609e-03,-1.000,1.507e-02,0.643,2.961,2.120,1.018,0.436,-0.051,-0.770,-1.340,-1.416
0.01520,1.30e+10,0.9633507729,0.869,1.648,3.6713,2.366,4,0.000,0.473,0.00,0.00,-1,0,0.00,6.948e-01,2.901e-01,2.343e-03,1.058e-03,6.609e-03,-1.000,1.507e-02,0.649,2.959,2.121,1.021,0.440,-0.045,-0.762,-1.331,-1.407
0.01520,1.30e+10,0.9634245634,0.869,1.646,3.6717,2.369,4,0.000,0.473,0.00,0.00,-1,0,0.00,6.948e-01,2.901e-01,2.343e-03,1.058e-03,6.609e-03,-1.000,1.507e-02,0.654,2.956,2.122,1.024,0.444,-0.040,-0.756,-1.324,-1.399
0.01520,1.30e+10,0.9634965062,0.869,1.645,3.6721,2.373,4,0.000,0.473,0.00,0.00,-1,0,0.00,6.948e-01,2.901e-01,2.343e-03,1.058e-03,6.609e-03,-1.000,1.507e-02,0.659,2.954,2.123,1.026,0.447,-0.036,-0.751,-1.318,-1.393
0.01520,1.30e+10,0.9635200500,0.869,1.644,3.6722,2.374,4,0.000,0.473,0.00,0.00,-1,0,0.00,6.948e-01,2.901e-01,2.343e-03,1.058e-03,6.609e-03,-1.000,1.507e-02,0.660,2.953,2.123,1.027,0.448,-0.035,-0.749,-1.316,-1.391
0.01520,1.30e+10,0.9635424614,0.869,1.644,3.6723,2.374,4,0.000,0.473,0.00,0.00,-1,0,0.00,6.948e-01,2.901e-01,2.343e-03,1.058e-03,6.609e-03,-1.000,1.507e-02,0.661,2.952,2.123,1.027,0.449,-0.034,-0.748,-1.314,-1.389
0.01520,1.30e+10,0.9636117816,0.869,1.642,3.6726,2.377,4,0.000,0.473,0.00,0.00,-1,0,0.00,6.948e-01,2.901e-01,2.343e-03,1.058e-03,6.609e-03,-1.000,1.507e-02,0.664,2.950,2.123,1.029,0.451,-0.032,-0.744,-1.310,-1.384
0.01520,1.30e+10,0.9636791348,0.869,1.642,3.6728,2.379,4,0.000,0.473,0.00,0.00,-1,0,0.00,6.948e-01,2.901e-01,2.343e-03,1.058e-03,6.609e-03,-1.000,1.507e-02,0.666,2.948,2.123,1.030,0.452,-0.030,-0.741,-1.306,-1.381
0.01520,1.30e+10,0.9637436867,0.869,1.641,3.6729,2.380,4,0.000,0.473,0.00,0.00,-1,0,0.00,6.948e-01,2.901e-01,2.343e-03,1.058e-03,6.609e-03,-1.000,1.507e-02,0.667,2.946,2.122,1.030,0.453,-0.029,-0.740,-1.304,-1.378
0.01520,1.30e+10,0.9638131261,0.869,1.641,3.6731,2.380,4,0.000,0.473,0.00,0.00,-1,0,0.00,6.948e-01,2.901e-01,2.343e-03,1.058e-03,6.609e-03,-1.000,1.507e-02,0.667,2.944,2.122,1.030,0.453,-0.029,-0.739,-1.303,-1.377
0.01520,1.30e+10,0.9638788700,0.869,1.641,3.6731,2.380,4,0.000,0.473,0.00,0.00,-1,0,0.00,6.948e-01,2.901e-01,2.343e-03,1.058e-03,6.609e-03,-1.000,1.507e-02,0.667,2.943,2.120,1.028,0.452,-0.029,-0.740,-1.303,-1.377
0.01520,1.30e+10,0.9639461637,0.869,1.642,3.6731,2.380,4,0.000,0.473,0.00,0.00,-1,0,0.00,6.948e-01,2.901e-01,2.343e-03,1.058e-03,6.609e-03,-1.000,1.507e-02,0.665,2.941,2.118,1.027,0.450,-0.031,-0.741,-1.305,-1.379
0.01520,1.30e+10,0.9640121460,0.869,1.643,3.6731,2.378,4,0.000,0.473,0.00,0.00,-1,0,0.00,6.948e-01,2.901e-01,2.343e-03,1.058e-03,6.609e-03,-1.000,1.507e-02,0.662,2.939,2.116,1.024,0.448,-0.034,-0.744,-1.308,-1.382
0.01520,1.30e+10,0.9640167952,0.869,1.643,3.6731,2.378,4,0.000,0.473,0.00,0.00,-1,0,0.00,6.948e-01,2.901e-01,2.343e-03,1.058e-03,6.609e-03,-1.000,1.507e-02,0.662,2.939,2.116,1.024,0.447,-0.034,-0.744,-1.308,-1.383
0.01520,1.30e+10,0.9640565515,0.869,1.644,3.6730,2.377,4,0.000,0.473,0.00,0.00,-1,0,0.00,6.948e-01,2.901e-01,2.343e-03,1.058e-03,6.609e-03,-1.000,1.507e-02,0.659,2.938,2.114,1.022,0.445,-0.037,-0.747,-1.311,-1.386
0.01520,1.30e+10,0.9641228914,0.869,1.646,3.6729,2.374,4,0.000,0.473,0.00,0.00,-1,0,0.00,6.948e-01,2.901e-01,2.343e-03,1.058e-03,6.609e-03,-1.000,1.507e-02,0.654,2.936,2.111,1.018,0.441,-0.042,-0.753,-1.317,-1.392
0.01520,1.30e+10,0.9641889334,0.870,1.649,3.6726,2.371,4,0.000,0.473,0.00,0.00,-1,0,0.00,6.948e-01,2.901e-01,2.343e-03,1.058e-03,6.609e-03,-1.000,1.507e-02,0.648,2.934,2.107,1.012,0.435,-0.048,-0.760,-1.325,-1.400
0.01520,1.30e+10,0.9642533660,0.870,1.652,3.6723,2.366,4,0.000,0.473,0.00,0.00,-1,0,0.00,6.948e-01,2.901e-01,2.343e-03,1.058e-03,6.609e-03,-1.000,1.507e-02,0.639,2.932,2.102,1.006,0.427,-0.056,-0.770,-1.336,-1.410
0.01520,1.30e+10,0.9643198252,0.870,1.656,3.6719,2.361,4,0.000,0.473,0.00,0.00,-1,0,0.00,6.948e-01,2.901e-01,2.343e-03,1.058e-03,6.609e-03,-1.000,1.507e-02,0.629,2.929,2.096,0.997,0.418,-0.066,-0.781,-1.348,-1.423
0.01520,1.30e+10,0.9643861055,0.870,1.661,3.6714,2.354,4,0.000,0.473,0.00,0.00,-1,0,0.00,6.948e-01,2.901e-01,2.343e-03,1.058e-03,6.609e-03,-1.000,1.507e-02,0.616,2.926,2.088,0.988,0.407,-0.078,-0.795,-1.364,-1.439
0.01520,1.30e+10,0.9644520879,0.870,1.667,3.6708,2.346,4,0.000,0.473,0.00,0.00,-1,0,0.00,6.948e-01,2.901e-01,2.343e-03,1.058e-03,6.609e-03,-1.000,1.507e-02,0.602,2.923,2.080,0.977,0.394,-0.092,-0.811,-1.381,-1.457
0.01520,1.30e+10,0.9645177722,0.870,1.674,3.6702,2.337,4,0.000,0.473,0.00,0.00,-1,0,0.00,6.948e-01,2.901e-01,2.343e-03,1.058e-03,6.609e-03,-1.000,1.507e-02,0.586,2.920,2.071,0.964,0.380,-0.108,-0.829,-1.401,-1.478
0.01520,1.30e+10,0.9645830989,0.870,1.681,3.6695,2.327,4,0.000,0.473,0.00,0.00,-1,0,0.00,6.948e-01,2.901e-01,2.343e-03,1.058e-03,6.609e-03,-1.000,1.507e-02,0.568,2.916,2.060,0.950,0.364,-0.125,-0.849,-1.423,-1.500
0.01520,1.30e+10,0.9646492004,0.870,1.683,3.6693,2.324,4,0.000,0.473,0.00,0.00,-1,0,0.00,6.948e-01,2.901e-01,2.343e-03,1.058e-03,6.609e-03,-1.000,1.507e-02,0.563,2.914,2.057,0.946,0.359,-0.130,-0.855,-1.429,-1.506
0.01520,1.30e+10,0.9647168517,0.870,1.699,3.6677,2.302,4,0.000,0.473,0.00,0.00,-1,0,0.00,6.948e-01,2.901e-01,2.343e-03,1.058e-03,6.609e-03,-1.000,1.507e-02,0.523,2.906,2.035,0.915,0.324,-0.168,-0.899,-1.478,-1.557
0.01520,1.30e+10,0.9647824764,0.870,1.726,3.6651,2.263,4,0.000,0.473,0.00,0.00,-1,0,0.00,6.948e-01,2.901e-01,2.343e-03,1.058e-03,6.609e-03,-1.000,1.507e-02,0.454,2.891,1.995,0.863,0.264,-0.234,-0.976,-1.561,-1.643
0.01520,1.30e+10,0.9648308158,0.870,1.763,3.6615,2.213,4,0.000,0.473,0.00,0.00,-1,0,0.00,6.948e-01,2.901e-01,2.343e-03,1.058e-03,6.609e-03,-1.000,1.507e-02,0.362,2.872,1.943,0.793,0.184,-0.321,-1.077,-1.672,-1.757
0.01520,1.30e+10,0.9648566842,0.870,1.801,3.6579,2.160,4,0.000,0.473,0.00,0.00,-1,0,0.00,6.948e-01,2.901e-01,2.343e-03,1.058e-03,6.609e-03,-1.000,1.507e-02,0.267,2.853,1.889,0.721,0.102,-0.412,-1.183,-1.787,-1.876
0.01520,1.30e+10,0.9648707509,0.870,1.840,3.6542,2.106,4,0.000,0.473,0.00,0.00,-1,0,0.00,6.948e-01,2.901e-01,2.343e-03,1.058e-03,6.609e-03,-1.000,1.507e-02,0.169,2.833,1.834,0.646,0.017,-0.505,-1.290,-1.905,-1.997
0.01520,1.30e+10,0.9648783207,0.870,1.880,3.6505,2.052,4,0.000,0.473,0.00,0.00,-1,0,0.00,6.948e-01,2.901e-01,2.343e-03,1.058e-03,6.609e-03,-1.000,1.507e-02,0.071,2.821,1.783,0.576,-0.066,-0.597,-1.398,-2.022,-2.119
0.01520,1.30e+10,0.9648823738,0.870,1.919,3.6469,1.999,4,0.000,0.473,0.00,0.00,-1,0,0.00,6.948e-01,2.901e-01,2.343e-03,1.058e-03,6.609e-03,-1.000,1.507e-02,-0.027,2.809,1.732,0.507,-0.147,-0.688,-1.503,-2.138,-2.239
0.01520,1.30e+10,0.9648846984,0.870,1.957,3.6433,1.946,4,0.000,0.473,0.00,0.00,-1,0,0.00,6.948e-01,2.901e-01,2.343e-03,1.058e-03,6.609e-03,-1.000,1.507e-02,-0.124,2.802,1.682,0.438,-0.229,-0.778,-1.609,-2.253,-2.358
0.01520,1.30e+10,0.9648861885,0.870,1.995,3.6399,1.895,4,0.000,0.473,0.00,0.00,-1,0,0.00,6.948e-01,2.901e-01,2.343e-03,1.058e-03,6.609e-03,-1.000,1.507e-02,-0.217,2.796,1.634,0.371,-0.307,-0.865,-1.711,-2.363,-2.472
0.01520,1.30e+10,0.9648870826,0.870,2.023,3.6374,1.856,4,0.000,0.473,0.00,0.00,-1,0,0.00,6.948e-01,2.901e-01,2.343e-03,1.058e-03,6.609e-03,-1.000,1.507e-02,-0.288,2.794,1.600,0.323,-0.365,-0.932,-1.788,-2.447,-2.560
0.01520,1.30e+10,0.9648871422,0.870,2.024,3.6373,1.855,7,0.000,0.473,0.00,0.00,-1,0,0.00,6.948e-01,2.901e-01,2.343e-03,1.058e-03,6.609e-03,-1.000,1.507e-02,-0.290,2.794,1.599,0.322,-0.367,-0.933,-1.790,-2.449,-2.562
0.01520,1.30e+10,0.9648873210,0.870,2.032,3.6366,1.845,7,0.000,0.473,0.00,0.00,-1,0,0.00,6.948e-01,2.901e-01,2.343e-03,1.058e-03,6.609e-03,-1.000,1.507e-02,-0.309,2.793,1.590,0.308,-0.383,-0.951,-1.811,-2.472,-2.585
0.01520,1.30e+10,0.9648883343,0.870,2.072,3.6330,1.789,7,0.000,0.473,0.00,0.00,-1,0,0.00,6.948e-01,2.901e-01,2.343e-03,1.058e-03,6.609e-03,-1.000,1.507e-02,-0.411,2.791,1.541,0.238,-0.466,-1.046,-1.921,-2.591,-2.710
0.01520,1.30e+10,0.9648894072,0.870,2.113,3.6294,1.735,7,0.000,0.473,0.00,0.00,-1,0,0.00,6.948e-01,2.901e-01,2.343e-03,1.058e-03,6.609e-03,-1.000,1.507e-02,-0.512,2.790,1.493,0.169,-0.549,-1.139,-2.030,-2.709,-2.832
0.01520,1.30e+10,0.9648908973,0.870,2.157,3.6256,1.676,7,0.000,0.473,0.00,0.00,-1,0,0.00,6.948e-01,2.901e-01,2.343e-03,1.058e-03,6.609e-03,-1.000,1.507e-02,-0.621,2.791,1.441,0.094,-0.639,-1.241,-2.149,-2.837,-2.966
0.01520,1.30e+10,0.9648936987,0.870,2.147,3.6265,1.689,7,0.000,0.473,0.00,0.00,-1,0,0.00,6.948e-01,2.901e-01,2.343e-03,1.058e-03,6.609e-03,-1.000,1.507e-02,-0.597,2.789,1.451,0.110,-0.620,-1.218,-2.122,-2.808,-2.936
0.01520,1.30e+10,0.9648986459,0.870,2.100,3.6307,1.753,7,0.000,0.473,0.00,0.00,-1,0,0.00,6.948e-01,2.901e-01,2.343e-03,1.058e-03,6.609e-03,-1.000,1.507e-02,-0.479,2.788,1.507,0.190,-0.523,-1.109,-1.994,-2.670,-2.792
0.01520,1.30e+10,0.9649406672,0.870,2.087,3.6317,1.769,7,0.000,0.473,0.00,0.00,-1,0,0.00,6.948e-01,2.901e-01,2.343e-03,1.058e-03,6.609e-03,-1.000,1.507e-02,-0.448,2.790,1.523,0.213,-0.497,-1.080,-1.961,-2.634,-2.754
0.01520,1.30e+10,0.9649773836,0.870,2.127,3.6281,1.715,7,0.000,0.473,0.00,0.00,-1,0,0.00,6.948e-01,2.901e-01,2.343e-03,1.058e-03,6.609e-03,-1.000,1.507e-02,-0.548,2.793,1.477,0.145,-0.578,-1.172,-2.069,-2.751,-2.877
0.01520,1.30e+10,0.9650062323,0.871,2.169,3.6243,1.658,7,0.000,0.473,0.00,0.00,-1,0,0.00,6.948e-01,2.901e-01,2.343e-03,1.058e-03,6.609e-03,-1.000,1.507e-02,-0.652,2.795,1.429,0.076,-0.662,-1.269,-2.182,-2.874,-3.005
0.01520,1.30e+10,0.9650306106,0.871,2.210,3.6207,1.602,7,0.000,0.473,0.00,0.00,-1,0,0.00,6.948e-01,2.901e-01,2.343e-03,1.058e-03,6.609e-03,-1.000,1.507e-02,-0.755,2.799,1.384,0.010,-0.742,-1.363,-2.293,-2.994,-3.131
0.01520,1.30e+10,0.9650515914,0.871,2.251,3.6171,1.547,7,0.000,0.473,0.00,0.00,-1,0,0.00,6.948e-01,2.901e-01,2.343e-03,1.058e-03,6.609e-03,-1.000,1.507e-02,-0.858,2.804,1.339,-0.056,-0.823,-1.457,-2.403,-3.114,-3.256
0.01520,1.30e+10,0.9650697112,0.871,2.292,3.6134,1.491,7,0.000,0.473,0.00,0.00,-1,0,0.00,6.948e-01,2.901e-01,2.343e-03,1.058e-03,6.609e-03,-1.000,1.507e-02,-0.961,2.812,1.296,-0.122,-0.904,-1.551,-2.514,-3.234,-3.382
0.01520,1.30e+10,0.9650853872,0.871,2.333,3.6097,1.435,7,0.000,0.473,0.00,0.00,-1,0,0.00,6.948e-01,2.901e-01,2.343e-03,1.058e-03,6.609e-03,-1.000,1.507e-02,-1.063,2.823,1.257,-0.181,-0.979,-1.644,-2.625,-3.355,-3.508
0.01520,1.30e+10,0.9650992751,0.871,2.374,3.6061,1.380,7,0.000,0.473,0.00,0.00,-1,0,0.00,6.948e-01,2.901e-01,2.343e-03,1.058e-03,6.609e-03,-1.000,1.507e-02,-1.166,2.832,1.218,-0.240,-1.053,-1.737,-2.735,-3.475,-3.635
0.01520,1.30e+10,0.9651115537,0.871,2.415,3.6024,1.324,7,0.000,0.473,0.00,0.00,-1,0,0.00,6.948e-01,2.901e-01,2.343e-03,1.058e-03,6.609e-03,-1.000,1.507e-02,-1.268,2.844,1.181,-0.297,-1.125,-1.829,-2.845,-3.595,-3.760
0.01520,1.30e+10,0.9651225805,0.871,2.455,3.5987,1.269,7,0.000,0.473,0.00,0.00,-1,0,0.00,6.948e-01,2.901e-01,2.343e-03,1.059e-03,6.609e-03,-1.000,1.507e-02,-1.368,2.859,1.146,-0.352,-1.197,-1.920,-2.954,-3.714,-3.885
0.01520,1.30e+10,0.9651327729,0.871,2.496,3.5950,1.214,7,0.000,0.473,0.00,0.00,-1,0,0.00,6.948e-01,2.901e-01,2.342e-03,1.059e-03,6.609e-03,-1.000,1.507e-02,-1.469,2.868,1.116,-0.399,-1.260,-2.009,-3.062,-3.833,-4.009
0.01520,1.30e+10,0.9651422501,0.871,2.535,3.5912,1.159,7,0.000,0.473,0.00,0.00,-1,0,0.00,6.948e-01,2.901e-01,2.341e-03,1.059e-03,6.609e-03,-1.000,1.507e-02,-1.569,2.877,1.088,-0.443,-1.321,-2.097,-3.171,-3.952,-4.134
0.01520,1.30e+10,0.9651513100,0.871,2.575,3.5874,1.104,7,0.000,0.472,0.00,0.00,-1,0,0.00,6.948e-01,2.901e-01,2.338e-03,1.061e-03,6.609e-03,-1.000,1.507e-02,-1.668,2.889,1.062,-0.486,-1.382,-2.185,-3.279,-4.070,-4.258
0.01520,1.30e+10,0.9651599526,0.871,2.615,3.5835,1.049,7,0.000,0.471,0.00,0.00,-1,0,0.00,6.948e-01,2.901e-01,2.332e-03,1.066e-03,6.609e-03,-1.000,1.507e-02,-1.768,2.902,1.038,-0.526,-1.440,-2.272,-3.388,-4.190,-4.383
0.01520,1.30e+10,0.9651681781,0.871,2.656,3.5796,0.992,7,0.000,0.469,0.00,0.00,-1,0,0.00,6.948e-01,2.901e-01,2.324e-03,1.075e-03,6.609e-03,-1.000,1.507e-02,-1.869,2.908,1.023,-0.550,-1.485,-2.359,-3.498,-4.311,-4.510
0.01520,1.30e+10,0.9651755691,0.871,2.695,3.5755,0.936,7,0.000,0.467,0.00,0.00,-1,0,0.00,6.948e-01,2.901e-01,2.315e-03,1.085e-03,6.609e-03,-1.000,1.507e-02,-1.969,2.923,1.016,-0.569,-1.527,-2.443,-3.608,-4.431,-4.636
0.01520,1.30e+10,0.9651824236,0.871,2.737,3.5711,0.877,7,0.000,0.465,0.00,0.00,-1,0,0.00,6.948e-01,2.901e-01,2.307e-03,1.096e-03,6.609e-03,-1.000,1.507e-02,-2.073,2.940,1.009,-0.588,-1.570,-2.532,-3.724,-4.558,-4.770
0.01520,1.30e+10,0.9651876688,0.871,2.779,3.5667,0.817,7,0.000,0.464,0.00,0.00,-1,0,0.00,6.948e-01,2.901e-01,2.299e-03,1.106e-03,6.609e-03,-1.000,1.507e-02,-2.178,2.951,1.017,-0.583,-1.594,-2.616,-3.842,-4.685,-4.903
0.01520,1.30e+10,0.9651911855,0.871,2.819,3.5624,0.761,7,0.000,0.463,0.00,0.00,-1,0,0.00,6.948e-01,2.901e-01,2.292e-03,1.114e-03,6.609e-03,-1.000,1.507e-02,-2.277,2.960,1.032,-0.568,-1.609,-2.693,-3.953,-4.804,-5.030
0.01520,1.30e+10,0.9651939869,0.871,2.857,3.5581,0.706,7,0.000,0.461,0.00,0.00,-1,0,0.00,6.948e-01,2.901e-01,2.286e-03,1.121e-03,6.609e-03,-1.000,1.507e-02,-2.372,2.972,1.050,-0.551,-1.622,-2.767,-4.060,-4.921,-5.153
0.01520,1.30e+10,0.9651964903,0.871,2.895,3.5538,0.650,7,0.000,0.460,0.00,0.00,-1,0,0.00,6.948e-01,2.901e-01,2.281e-03,1.127e-03,6.609e-03,-1.000,1.507e-02,-2.467,2.981,1.085,-0.509,-1.618,-2.834,-4.168,-5.038,-5.277
0.01520,1.30e+10,0.9651986957,0.871,2.932,3.5494,0.595,7,0.000,0.460,0.00,0.00,-1,0,0.00,6.948e-01,2.901e-01,2.277e-03,1.132e-03,6.609e-03,-1.000,1.508e-02,-2.560,2.987,1.136,-0.443,-1.598,-2.891,-4.275,-5.152,-5.398
0.01520,1.30e+10,0.9652010202,0.871,2.970,3.5448,0.539,7,0.000,0.459,0.00,0.00,-1,0,0.00,6.948e-01,2.901e-01,2.275e-03,1.135e-03,6.609e-03,-1.000,1.509e-02,-2.656,2.996,1.193,-0.370,-1.573,-2.949,-4.384,-5.270,-5.524
0.01520,1.30e+10,0.9652031660,0.871,3.009,3.5401,0.481,7,0.000,0.459,0.00,0.00,-1,0,0.00,6.948e-01,2.901e-01,2.273e-03,1.137e-03,6.609e-03,-1.000,1.511e-02,-2.753,3.006,1.269,-0.273,-1.534,-2.996,-4.496,-5.389,-5.651
0.01520,1.30e+10,0.9652055502,0.871,3.049,3.5350,0.421,7,0.000,0.459,0.00,0.00,-1,0,0.00,6.948e-01,2.901e-01,2.273e-03,1.138e-03,6.609e-03,-1.000,1.513e-02,-2.853,3.014,1.380,-0.133,-1.472,-3.027,-4.615,-5.514,-5.784
0.01520,1.30e+10,0.9652078748,0.871,3.087,3.5302,0.363,7,0.000,0.459,0.00,0.00,-1,0,0.00,6.948e-01,2.901e-01,2.273e-03,1.138e-03,6.609e-03,-1.000,1.513e-02,-2.948,3.025,1.489,0.005,-1.409,-3.055,-4.726,-5.631,-5.910
0.01520,1.30e+10,0.9652102590,0.871,3.124,3.5254,0.307,7,0.000,0.459,0.00,0.00,-1,0,0.00,6.948e-01,2.901e-01,2.273e-03,1.138e-03,6.609e-03,-1.000,1.513e-02,-3.041,3.034,1.618,0.170,-1.330,-3.060,-4.835,-5.745,-6.033
0.01520,1.30e+10,0.9652130008,0.871,3.162,3.5203,0.249,7,0.000,0.459,0.00,0.00,-1,0,0.00,6.948e-01,2.901e-01,2.273e-03,1.138e-03,6.609e-03,-1.000,1.513e-02,-3.136,3.043,1.774,0.371,-1.231,-3.043,-4.947,-5.862,-6.159
0.01520,1.30e+10,0.9652148485,0.871,3.164,3.5203,0.247,7,0.000,0.459,0.00,0.00,-1,0,0.00,6.948e-01,2.901e-01,2.273e-03,1.138e-03,6.609e-03,-1.000,1.513e-02,-3.140,3.041,1.775,0.372,-1.232,-3.046,-4.952,-5.867,-6.164
0.01520,1.30e+10,0.9652149677,0.871,3.154,3.5216,0.262,7,0.000,0.459,0.00,0.00,-1,0,0.00,6.948e-01,2.901e-01,2.273e-03,1.138e-03,6.609e-03,-1.000,1.513e-02,-3.116,3.037,1.730,0.315,-1.261,-3.052,-4.923,-5.837,-6.131
0.01520,1.30e+10,0.9652150273,0.871,3.147,3.5226,0.273,7,0.000,0.459,0.00,0.00,-1,0,0.00,6.948e-01,2.901e-01,2.273e-03,1.138e-03,6.609e-03,-1.000,1.513e-02,-3.098,3.035,1.700,0.276,-1.281,-3.056,-4.902,-5.815,-6.107
0.01520,1.30e+10,0.9652151465,0.871,3.155,3.5215,0.260,7,0.000,0.459,0.00,0.00,-1,0,0.00,6.948e-01,2.901e-01,2.273e-03,1.138e-03,6.609e-03,-1.000,1.513e-02,-3.119,3.038,1.735,0.321,-1.258,-3.052,-4.926,-5.840,-6.135
0.01520,1.30e+10,0.9652152658,0.871,3.165,3.5202,0.246,7,0.000,0.459,0.00,0.00,-1,0,0.00,6.948e-01,2.901e-01,2.273e-03,1.138e-03,6.609e-03,-1.000,1.513e-02,-3.142,3.041,1.777,0.375,-1.231,-3.046,-4.954,-5.870,-6.167
0.01520,1.30e+10,0.9652153850,0.871,3.186,3.5172,0.213,7,0.000,0.459,0.00,0.00,-1,0,0.00,6.948e-01,2.901e-01,2.273e-03,1.138e-03,6.609e-03,-1.000,1.513e-02,-3.195,3.049,1.874,0.499,-1.168,-3.032,-5.017,-5.935,-6.238
0.01520,1.30e+10,0.9652155042,0.871,3.209,3.5140,0.177,7,0.000,0.459,0.00,0.00,-1,0,0.00,6.948e-01,2.901e-01,2.273e-03,1.138e-03,6.609e-03,-1.000,1.513e-02,-3.252,3.060,1.984,0.638,-1.096,-3.014,-5.084,-6.006,-6.315
0.01520,1.30e+10,0.9652157426,0.871,3.239,3.5096,0.129,7,0.000,0.459,0.00,0.00,-1,0,0.00,6.948e-01,2.901e-01,2.273e-03,1.138e-03,6.609e-03,-1.000,1.513e-02,-3.327,3.066,2.133,0.834,-0.994,-2.967,-5.174,-6.099,-6.416
0.01520,1.30e+10,0.9652159810,0.871,3.281,3.5034,0.063,7,0.000,0.459,0.00,0.00,-1,0,0.00,6.948e-01,2.901e-01,2.273e-03,1.138e-03,6.609e-03,-1.000,1.513e-02,-3.431,3.080,2.355,1.123,-0.840,-2.891,-5.298,-6.228,-6.556
0.01520,1.30e+10,0.9652162194,0.871,3.316,3.4980,0.006,7,0.000,0.459,0.00,0.00,-1,0,0.00,6.948e-01,2.901e-01,2.273e-03,1.138e-03,6.609e-03,-1.000,1.513e-02,-3.520,3.090,2.532,1.345,-0.720,-2.827,-5.403,-6.338,-6.675
0.01520,1.30e+10,0.9652166963,0.871,3.357,3.4917,-0.060,7,0.519,0.459,0.00,0.00,-1,0,0.00,6.948e-01,2.901e-01,2.273e-03,1.138e-03,6.609e-03,-1.000,1.513e-02,-3.621,3.092,2.695,1.534,-0.619,-2.768,-5.525,-6.463,-6.809
0.01520,1.30e+10,0.9652169943,0.871,3.373,3.4891,-0.087,7,0.518,0.459,0.00,0.00,-1,0,0.00,6.948e-01,2.901e-01,2.273e-03,1.138e-03,6.609e-03,-1.000,1.513e-02,-3.662,3.095,2.765,1.614,-0.576,-2.740,-5.574,-6.514,-6.863
0.01520,1.30e+10,0.9652170539,0.871,3.373,3.4853,-0.102,8,0.518,0.480,211.34,97.68,0,-1.58e-07,0.00,6.948e-01,2.901e-01,2.385e-03,1.140e-03,6.624e-03,-1.000,1.510e-02,-3.662,3.134,2.899,1.764,-0.467,-2.650,-5.586,-6.529,-6.882
0.01520,1.30e+10,0.9652171135,0.870,3.085,3.5254,0.346,8,0.518,0.480,80.31,42.32,1,-4.7e-08,0.00,6.948e-01,2.901e-01,2.385e-03,1.140e-03,6.624e-03,-1.000,1.510e-02,-2.942,3.098,1.698,0.260,-1.235,-2.962,-4.735,-5.647,-5.933
0.01520,1.30e+10,0.9652171135,0.870,2.946,3.5447,0.562,8,0.518,0.480,50.40,28.28,1,-2.8e-08,0.00,6.948e-01,2.901e-01,2.385e-03,1.140e-03,6.624e-03,-1.000,1.510e-02,-2.595,3.039,1.250,-0.306,-1.509,-2.886,-4.323,-5.210,-5.463
0.01520,1.30e+10,0.9652172327,0.869,2.796,3.5655,0.795,8,0.518,0.480,30.53,18.34,1,-1.71e-08,0.00,6.948e-01,2.901e-01,2.385e-03,1.140e-03,6.624e-03,-1.000,1.510e-02,-2.221,2.945,1.009,-0.593,-1.613,-2.652,-3.888,-4.733,-4.954
0.01520,1.30e+10,0.9652174115,0.868,2.830,3.5605,0.740,8,0.518,0.480,34.35,20.29,1,-1.9e-08,0.00,6.948e-01,2.901e-01,2.385e-03,1.140e-03,6.624e-03,-1.000,1.510e-02,-2.306,2.975,1.052,-0.548,-1.602,-2.713,-3.987,-4.843,-5.072
0.01520,1.30e+10,0.9652175903,0.866,2.970,3.5409,0.522,8,0.518,0.480,55.03,30.48,1,-3.05e-08,0.00,6.948e-01,2.901e-01,2.385e-03,1.140e-03,6.624e-03,-1.000,1.510e-02,-2.654,3.062,1.326,-0.213,-1.460,-2.907,-4.394,-5.288,-5.547
0.01520,1.30e+10,0.9652178288,0.865,3.137,3.5172,0.259,8,0.518,0.480,97.01,49.72,0,-5.8e-08,0.00,6.948e-01,2.901e-01,2.385e-03,1.140e-03,6.624e-03,-1.000,1.510e-02,-3.073,3.131,1.973,0.609,-1.050,-2.911,-4.893,-5.813,-6.114
0.01520,1.30e+10,0.9652180672,0.863,3.273,3.4979,0.045,8,0.518,0.480,153.86,74.03,0,-1.02e-07,0.00,6.948e-01,2.901e-01,2.385e-03,1.140e-03,6.624e-03,-1.000,1.510e-02,-3.412,3.161,2.611,1.434,-0.622,-2.726,-5.295,-6.231,-6.565
0.01520,1.30e+10,0.9652184248,0.860,3.360,3.4853,-0.094,8,0.519,0.480,207.67,95.84,0,-1.51e-07,0.00,6.948e-01,2.901e-01,2.385e-03,1.140e-03,6.624e-03,-1.000,1.510e-02,-3.630,3.158,2.923,1.790,-0.438,-2.621,-5.553,-6.497,-6.849
0.01520,1.30e+10,0.9652187824,0.857,3.407,3.4783,-0.171,8,0.519,0.480,245.03,110.46,0,-1.86e-07,0.00,6.948e-01,2.901e-01,2.385e-03,1.140e-03,6.624e-03,-1.000,1.510e-02,-3.749,3.149,3.027,1.867,-0.403,-2.607,-5.693,-6.638,-6.997
0.01520,1.30e+10,0.9652191997,0.854,3.431,3.4744,-0.212,8,0.519,0.480,267.68,119.10,0,-2.08e-07,0.00,6.948e-01,2.901e-01,2.385e-03,1.140e-03,6.624e-03,-1.000,1.510e-02,-3.809,3.149,3.090,1.914,-0.378,-2.593,-5.765,-6.711,-7.075
0.01520,1.30e+10,0.9652196169,0.851,3.447,3.4717,-0.241,8,0.520,0.480,284.74,125.47,0,-2.25e-07,0.00,6.948e-01,2.901e-01,2.385e-03,1.140e-03,6.624e-03,-1.000,1.510e-02,-3.849,3.152,3.137,1.950,-0.357,-2.580,-5.813,-6.761,-7.128
0.01520,1.30e+10,0.9652196169,0.851,3.216,3.5039,0.119,8,0.520,0.480,130.92,64.09,0,-8.12e-08,0.00,6.948e-01,2.901e-01,2.385e-03,1.140e-03,6.624e-03,-1.000,1.510e-02,-3.270,3.183,2.452,1.227,-0.712,-2.752,-5.135,-6.066,-6.390
0.01520,1.30e+10,0.9652196765,0.850,3.028,3.5301,0.412,8,0.520,0.480,69.57,37.09,1,-3.81e-08,0.00,6.948e-01,2.901e-01,2.385e-03,1.140e-03,6.624e-03,-1.000,1.510e-02,-2.799,3.133,1.621,0.150,-1.259,-2.904,-4.576,-5.483,-5.760
0.01520,1.30e+10,0.9652197361,0.849,2.876,3.5512,0.648,8,0.520,0.480,41.89,23.91,1,-2.21e-08,0.00,6.948e-01,2.901e-01,2.385e-03,1.140e-03,6.624e-03,-1.000,1.510e-02,-2.420,3.063,1.209,-0.368,-1.502,-2.764,-4.128,-5.003,-5.246
0.01520,1.30e+10,0.9652198553,0.847,2.907,3.5467,0.597,8,0.520,0.480,46.70,26.25,1,-2.47e-08,0.00,6.948e-01,2.901e-01,2.385e-03,1.140e-03,6.624e-03,-1.000,1.510e-02,-2.498,3.083,1.279,-0.281,-1.463,-2.806,-4.221,-5.104,-5.354
0.01520,1.30e+10,0.9652199745,0.844,3.041,3.5277,0.386,8,0.520,0.480,73.61,38.87,1,-4.04e-08,0.00,6.948e-01,2.901e-01,2.385e-03,1.140e-03,6.624e-03,-1.000,1.510e-02,-2.834,3.148,1.688,0.233,-1.215,-2.903,-4.619,-5.529,-5.810
0.01520,1.30e+10,0.9652201533,0.841,3.203,3.5050,0.132,8,0.520,0.480,127.27,62.32,0,-7.78e-08,0.00,6.948e-01,2.901e-01,2.385e-03,1.140e-03,6.624e-03,-1.000,1.510e-02,-3.237,3.195,2.429,1.193,-0.723,-2.749,-5.098,-6.028,-6.350
0.01520,1.30e+10,0.9652203321,0.838,3.332,3.4865,-0.073,8,0.521,0.480,198.00,91.20,0,-1.37e-07,0.00,6.948e-01,2.901e-01,2.385e-03,1.140e-03,6.624e-03,-1.000,1.510e-02,-3.560,3.201,2.943,1.812,-0.402,-2.579,-5.479,-6.422,-6.773
0.01520,1.30e+10,0.9652205110,0.834,3.413,3.4748,-0.203,8,0.521,0.480,262.21,116.08,0,-1.98e-07,0.00,6.948e-01,2.901e-01,2.385e-03,1.140e-03,6.624e-03,-1.000,1.510e-02,-3.763,3.184,3.120,1.947,-0.342,-2.555,-5.719,-6.665,-7.028
0.01520,1.30e+10,0.9652207494,0.829,3.454,3.4686,-0.271,8,0.521,0.480,303.46,131.47,0,-2.4e-07,0.00,6.948e-01,2.901e-01,2.385e-03,1.140e-03,6.624e-03,-1.000,1.510e-02,-3.865,3.177,3.198,2.002,-0.319,-2.553,-5.839,-6.786,-7.155
0.01520,1.30e+10,0.9652210474,0.824,3.472,3.4657,-0.303,8,0.521,0.480,324.88,139.17,0,-2.62e-07,0.00,6.948e-01,2.901e-01,2.385e-03,1.140e-03,6.624e-03,-1.000,1.510e-02,-3.909,3.177,3.232,2.027,-0.309,-2.553,-5.890,-6.838,-7.209
0.01520,1.30e+10,0.9652213454,0.819,3.480,3.4639,-0.321,8,0.522,0.480,338.11,143.73,0,-2.75e-07,0.00,6.948e-01,2.901e-01,2.385e-03,1.140e-03,6.624e-03,-1.000,1.510e-02,-3.931,3.181,3.257,2.046,-0.298,-2.549,-5.916,-6.866,-7.238
0.01520,1.30e+10,0.9652213454,0.818,3.256,3.4955,0.029,8,0.522,0.480,158.61,74.69,0,-1.01e-07,0.00,6.948e-01,2.901e-01,2.385e-03,1.140e-03,6.624e-03,-1.000,1.510e-02,-3.369,3.234,2.745,1.580,-0.506,-2.624,-5.260,-6.197,-6.534
0.01520,1.30e+10,0.9652214050,0.817,3.068,3.5219,0.322,8,0.522,0.480,84.46,43.29,0,-4.67e-08,0.00,6.948e-01,2.901e-01,2.385e-03,1.140e-03,6.624e-03,-1.000,1.510e-02,-2.901,3.197,1.904,0.501,-1.062,-2.844,-4.706,-5.621,-5.913
0.01520,1.30e+10,0.9652214646,0.814,2.917,3.5432,0.557,8,0.522,0.480,50.83,27.88,1,-2.66e-08,0.00,6.948e-01,2.901e-01,2.385e-03,1.140e-03,6.624e-03,-1.000,1.510e-02,-2.522,3.135,1.368,-0.180,-1.397,-2.802,-4.255,-5.145,-5.400
0.01520,1.30e+10,0.9652215838,0.811,2.948,3.5387,0.505,8,0.522,0.480,56.80,30.64,1,-3e-08,0.00,6.948e-01,2.901e-01,2.385e-03,1.140e-03,6.624e-03,-1.000,1.510e-02,-2.601,3.152,1.462,-0.061,-1.339,-2.825,-4.348,-5.245,-5.508
0.01520,1.30e+10,0.9652217627,0.806,3.081,3.5199,0.295,8,0.522,0.480,89.46,45.29,0,-5.02e-08,0.00,6.948e-01,2.901e-01,2.385e-03,1.140e-03,6.624e-03,-1.000,1.510e-02,-2.933,3.210,1.976,0.590,-1.015,-2.831,-4.745,-5.662,-5.958
0.01520,1.30e+10,0.9652219415,0.800,3.241,3.4972,0.041,8,0.523,0.480,154.51,72.46,0,-9.84e-08,0.00,6.948e-01,2.901e-01,2.385e-03,1.140e-03,6.624e-03,-1.000,1.510e-02,-3.332,3.249,2.719,1.546,-0.519,-2.627,-5.218,-6.154,-6.489
0.01520,1.30e+10,0.9652221203,0.794,3.369,3.4788,-0.164,8,0.523,0.480,240.58,105.93,0,-1.75e-07,0.00,6.948e-01,2.901e-01,2.385e-03,1.140e-03,6.624e-03,-1.000,1.510e-02,-3.653,3.235,3.105,1.948,-0.320,-2.522,-5.596,-6.541,-6.900
0.01520,1.30e+10,0.9652223587,0.786,3.450,3.4671,-0.296,8,0.523,0.480,319.59,134.92,0,-2.57e-07,0.00,6.948e-01,2.901e-01,2.385e-03,1.140e-03,6.624e-03,-1.000,1.510e-02,-3.855,3.218,3.255,2.052,-0.279,-2.518,-5.833,-6.781,-7.151
0.01520,1.30e+10,0.9652225971,0.778,3.491,3.4610,-0.366,8,0.523,0.480,371.81,153.14,0,-4.09e-07,0.00,6.948e-01,2.901e-01,2.385e-03,1.140e-03,6.624e-03,-1.000,1.510e-02,-3.958,3.210,3.320,2.095,-0.265,-2.528,-5.952,-6.902,-7.278
0.01520,1.30e+10,0.9652228951,0.769,3.509,3.4582,-0.401,8,0.524,0.480,400.81,162.62,0,-6.79e-07,0.00,6.948e-01,2.901e-01,2.385e-03,1.140e-03,6.624e-03,-1.000,1.510e-02,-4.003,3.212,3.356,2.119,-0.255,-2.528,-6.005,-6.956,-7.335
0.01520,1.30e+10,0.9652232528,0.758,3.519,3.4565,-0.423,8,0.524,0.480,420.62,168.60,0,-9.3e-07,0.00,6.948e-01,2.901e-01,2.385e-03,1.140e-03,6.624e-03,-1.000,1.510e-02,-4.028,3.216,3.377,2.139,-0.247,-2.529,-6.033,-6.985,-7.365
0.01520,1.30e+10,0.9652232528,0.757,3.302,3.4876,-0.082,8,0.524,0.480,201.48,89.18,0,-1.42e-07,0.00,6.948e-01,2.901e-01,2.385e-03,1.140e-03,6.624e-03,-1.000,1.510e-02,-3.485,3.278,2.989,1.849,-0.356,-2.528,-5.401,-6.342,-6.693
0.01520,1.30e+10,0.9652233124,0.753,3.115,3.5149,0.211,8,0.524,0.480,106.93,51.46,0,-6.49e-08,0.00,6.948e-01,2.901e-01,2.385e-03,1.140e-03,6.624e-03,-1.000,1.510e-02,-3.018,3.252,2.156,0.807,-0.903,-2.803,-4.847,-5.768,-6.074
0.01520,1.30e+10,0.9652234316,0.746,2.963,3.5378,0.452,8,0.524,0.480,63.70,32.76,1,-3.67e-08,0.00,6.948e-01,2.901e-01,2.385e-03,1.140e-03,6.624e-03,-1.000,1.510e-02,-2.637,3.173,1.482,-0.047,-1.344,-2.848,-4.388,-5.284,-5.550
0.01520,1.30e+10,0.9652235508,0.737,2.993,3.5351,0.405,8,0.525,0.480,70.37,35.51,1,-4.25e-08,0.00,6.948e-01,2.901e-01,2.385e-03,1.140e-03,6.624e-03,-1.000,1.510e-02,-2.711,3.169,1.526,0.009,-1.331,-2.886,-4.473,-5.371,-5.642
0.01520,1.30e+10,0.9652236700,0.726,3.122,3.5186,0.204,8,0.525,0.480,108.83,51.39,0,-7.4e-08,0.00,6.948e-01,2.901e-01,2.385e-03,1.140e-03,6.624e-03,-1.000,1.510e-02,-3.034,3.204,1.979,0.585,-1.058,-2.901,-4.852,-5.768,-6.069
0.01520,1.30e+10,0.9652238488,0.712,3.277,3.4987,-0.039,8,0.525,0.480,183.87,80.10,0,-1.5e-07,0.00,6.948e-01,2.901e-01,2.385e-03,1.140e-03,6.624e-03,-1.000,1.510e-02,-3.421,3.225,2.641,1.439,-0.631,-2.740,-5.304,-6.237,-6.575
0.01520,1.30e+10,0.9652240872,0.696,3.400,3.4836,-0.233,8,0.525,0.480,279.84,113.77,0,-2.77e-07,0.00,6.948e-01,2.901e-01,2.385e-03,1.140e-03,6.624e-03,-1.000,1.510e-02,-3.731,3.199,2.983,1.813,-0.460,-2.662,-5.663,-6.603,-6.965
0.01520,1.30e+10,0.9652243853,0.678,3.477,3.4757,-0.353,8,0.526,0.480,363.30,140.37,0,-4.22e-07,0.00,6.948e-01,2.901e-01,2.385e-03,1.140e-03,6.624e-03,-1.000,1.510e-02,-3.922,3.168,3.079,1.864,-0.461,-2.688,-5.879,-6.822,-7.196
0.01520,1.30e+10,0.9652246237,0.659,3.514,3.4738,-0.410,8,0.526,0.480,413.12,153.76,0,-7.32e-07,0.00,6.948e-01,2.901e-01,2.385e-03,1.140e-03,6.624e-03,-1.000,1.510e-02,-4.015,3.143,3.082,1.848,-0.496,-2.732,-5.978,-6.922,-7.302
0.01520,1.30e+10,0.9652249813,0.637,3.528,3.4757,-0.431,8,0.527,0.480,435.60,156.81,0,-9.72e-07,0.00,6.948e-01,2.901e-01,2.385e-03,1.140e-03,6.624e-03,-1.000,1.510e-02,-4.050,3.118,3.024,1.787,-0.559,-2.794,-6.009,-6.951,-7.331
0.01520,1.30e+10,0.9652253389,0.615,3.533,3.4792,-0.438,8,0.527,0.480,448.02,155.06,0,-1.06e-06,0.00,6.948e-01,2.901e-01,2.385e-03,1.140e-03,6.624e-03,-1.000,1.510e-02,-4.064,3.090,2.936,1.705,-0.636,-2.867,-6.014,-6.952,-7.331
0.01520,1.30e+10,0.9652253389,0.614,3.325,3.5103,-0.106,8,0.527,0.480,218.80,83.34,0,-2.83e-07,0.00,6.948e-01,2.901e-01,2.385e-03,1.140e-03,6.624e-03,-1.000,1.510e-02,-3.542,3.054,2.032,0.665,-1.199,-3.188,-5.393,-6.309,-6.635
0.01520,1.30e+10,0.9652253985,0.612,3.138,3.5395,0.196,8,0.527,0.480,114.25,47.34,0,-1.31e-07,0.00,6.948e-01,2.901e-01,2.385e-03,1.140e-03,6.624e-03,-1.000,1.510e-02,-3.076,2.930,1.076,-0.539,-1.836,-3.316,-4.829,-5.710,-5.983
0.01520,1.30e+10,0.9652254581,0.608,2.984,3.5653,0.451,8,0.527,0.480,66.07,29.28,1,-7.48e-08,0.00,6.948e-01,2.901e-01,2.385e-03,1.140e-03,6.624e-03,-1.000,1.510e-02,-2.690,2.759,0.639,-1.047,-2.087,-3.123,-4.366,-5.195,-5.428
0.01520,1.30e+10,0.9652255774,0.603,3.011,3.5658,0.423,8,0.527,0.480,70.50,30.66,0,-8.72e-08,0.00,6.948e-01,2.901e-01,2.385e-03,1.140e-03,6.624e-03,-1.000,1.510e-02,-2.756,2.709,0.570,-1.125,-2.164,-3.193,-4.432,-5.258,-5.491
0.01520,1.30e+10,0.9652257562,0.597,3.134,3.5534,0.246,8,0.528,0.480,103.93,42.29,0,-1.5e-07,0.00,6.948e-01,2.901e-01,2.385e-03,1.140e-03,6.624e-03,-1.000,1.510e-02,-3.064,2.726,0.629,-1.070,-2.213,-3.433,-4.777,-5.627,-5.881
0.01520,1.30e+10,0.9652259350,0.590,3.281,3.5387,0.034,8,0.528,0.480,165.66,62.09,0,-3e-07,0.00,6.948e-01,2.901e-01,2.385e-03,1.140e-03,6.624e-03,-1.000,1.510e-02,-3.433,2.719,0.811,-0.841,-2.166,-3.665,-5.193,-6.068,-6.348
0.01520,1.30e+10,0.9652261138,0.581,3.398,3.5297,-0.125,8,0.528,0.480,236.21,82.24,0,-5.45e-07,0.00,6.948e-01,2.901e-01,2.385e-03,1.140e-03,6.624e-03,-1.000,1.510e-02,-3.725,2.666,0.943,-0.668,-2.151,-3.835,-5.518,-6.402,-6.700
0.01520,1.30e+10,0.9652263522,0.571,3.467,3.5289,-0.205,8,0.528,0.480,285.84,93.58,0,-8.22e-07,0.00,6.948e-01,2.901e-01,2.385e-03,1.140e-03,6.624e-03,-1.000,1.510e-02,-3.898,2.568,0.841,-0.783,-2.292,-3.999,-5.699,-6.579,-6.881
0.01520,1.30e+10,0.9652265906,0.560,3.497,3.5351,-0.219,8,0.529,0.480,302.53,93.25,0,-1.06e-06,0.00,6.948e-01,2.901e-01,2.385e-03,1.140e-03,6.624e-03,-1.000,1.510e-02,-3.973,2.427,0.528,-1.159,-2.576,-4.162,-5.756,-6.622,-6.916
0.01520,1.30e+10,0.9652268887,0.547,3.504,3.5460,-0.191,8,0.529,0.480,299.48,84.62,0,-1.24e-06,0.00,6.948e-01,2.901e-01,2.385e-03,1.140e-03,6.624e-03,-1.000,1.510e-02,-3.989,2.256,0.105,-1.668,-2.934,-4.307,-5.741,-6.584,-6.862
0.01520,1.30e+10,0.9652272463,0.534,3.501,3.5594,-0.145,8,0.529,0.480,310.40,69.42,0,-1.41e-06,0.00,6.948e-01,2.901e-01,2.385e-03,1.140e-03,6.624e-03,-1.000,1.510e-02,-3.982,2.059,-0.295,-2.131,-3.265,-4.397,-5.699,-6.508,-6.768
0.01520,1.30e+10,0.9652279019,0.534,-9.999,4.0592,2.058,9,0.535,0.005,0.00,0.00,-1,0,0.00,6.948e-01,2.901e-01,2.385e-03,1.140e-03,6.624e-03,-1.000,1.510e-02,29.767,29.768,30.246,30.326,30.332,30.356,30.478,30.498,30.529
#isochrone,terminated
